ok - fm-spawn --relaunch: refuses a worktree named by another task record
ok - fm-control relaunch: a same-harness relaunch replaces the agent in the same endpoint and worktree
ok - fm-control relaunch: pending composer text refuses before the exit command is typed
ok - fm-control relaunch: an unreadable composer fails safe before the exit command is typed
ok - fm-control relaunch: a linked spawning home preserves committed and unfinished work in the recorded copy
ok - fm-control relaunch: durable task metadata survives replacement launch publication
ok - fm-control relaunch: delivery and concurrent task metadata publication serialize
ok - fm-control relaunch: disabling tracing clears metadata and pane context
ok - fm-control relaunch: progress and the Firstmate-worktree worker identity reach the replacement
ok - fm-control relaunch: a ship task refuses without the progress note its replacement needs
ok - fm-control relaunch: switching harness is one ordinary relaunch, and the old wiring goes with the old agent
ok - fm-control relaunch: a harness switch resets model and effort unless they are named too
ok - fm-control relaunch: a prefixed recorded harness can switch adapters transactionally
ok - fm-control relaunch: a prefixed command requires an explicit replacement harness
ok - fm-control relaunch: a same-harness relaunch keeps the profile axes it was running with
ok - native Ultra relaunch preserves its profile and rejects an unsupported model before stopping
ok - fm-control relaunch: a signed-out worker account pin refuses before the old agent stops
ok - fm-control relaunch: the replacement follows the home's current worker account pin
ok - fm-control relaunch: explicit model and effort win over the recorded ones
ok - fm-control relaunch: refuses to relaunch onto an adapter with no verified mechanics
ok - fm-control relaunch: the retired incarnation's global turn-end token is revoked
ok - fm-control relaunch: wiring cleanup failure refuses replacement arming
ok - fm-control-lib: one owner resolves each harness's turn-end registry entry, and refuses a malformed token
ok - fm-control relaunch: a secondmate relaunch re-resolves its durable configured harness pin
ok - fm-control relaunch: invalid configured effort is ignored before stop
ok - fm-control relaunch: an adapter unverified for this task kind refuses before the agent is stopped
ok - fm-control relaunch: explicit secondmate harness resets unnamed profile axes
ok - fm-control relaunch: a ship task keeps its recorded harness instead of re-reading crew config
ok - fm-spawn --relaunch: with no explicit harness it reuses the task's recorded one, never the crew default
ok - fm-spawn --relaunch: a promoted scout with a recorded custom branch relaunches on it instead of being refused
ok - fm-promote/fm-spawn --relaunch: the current ship contract supersedes stale scout delivery text
ok - fm-spawn --relaunch: wiring armed under a prefixed harness name is still retired
ok - fm-spawn --relaunch: switching away from muse retires its session binding
ok - fm-spawn --relaunch: switching away from cursor retires its session binding
ok - fm-control relaunch: an unaccountable local copy refuses before the agent is touched
ok - fm-control relaunch: a worker with nothing to work from is never launched
ok - fm-control relaunch: a refusal before the agent is stopped leaves the durable record untouched
ok - fm-control relaunch: checkpoint inspection failures refuse before stopping
ok - fm-control relaunch: a launch failure after the stop keeps the prior record and reports the real state
ok - fm-control relaunch: unpublished rollback keeps concurrent durable metadata
ok - fm-control relaunch: post-publication failure keeps the new durable record
ok - fm-control relaunch: partial stop reconciles actual agent state
ok - fm-control relaunch: failed journal replacement preserves durable phase
ok - fm-spawn relaunch: prepublication abort removes replacement state
ok - fm-control relaunch: the checkpoint records the exact unlanded work it preserved
ok - fm-control relaunch: a secondmate's child work is accounted for and its charter is left alone
ok - fm-control relaunch: a secondmate home that is not this secondmate's is refused
ok - fm-control relaunch: unreadable child records fail checkpoint
ok - fm-control relaunch: unlistable state fails checkpoint
ok - fm-control relaunch: a vanished watcher scratch file does not fail the child-record checkpoint
ok - fm-control relaunch: two control actions on one task serialize instead of interleaving
ok - fm-spawn relaunch: direct entry participates in lifecycle serialization
ok - fm-promote: promotion participates in lifecycle serialization
ok - fm-spawn --relaunch: refuses to launch a second agent into a live endpoint
ok - fm-spawn --relaunch: symlinked records refuse before inspection
ok - fm-spawn --relaunch: keeps its early meta lock continuous
ok - fm-spawn --relaunch: pending closes refuse before replacement begins
ok - fm-spawn --relaunch: every identity axis comes from the record, and a contradicting flag refuses
ok - fm-spawn --relaunch: an unrecorded task is refused
ok - fm-spawn --relaunch: refuses to start a replacement outside the copy holding its work
ok - tmux: a window absent from its session refuses both verbs rather than being assumed gone
ok - tmux: an unfindable session refuses both verbs, so a live agent is never duplicated
ok - tmux: a dead server on this socket refuses both verbs rather than proving absence
ok - reclaim: an unclassifiable endpoint is still refused, so two agents cannot share one
sed: 1: "/private/var/folders/w8 ...": invalid command code v
not ok - Herdr Pi relaunch should complete (pi registration)
error: pi executable not found on PATH; install it or select a different verified harness: expected exit 0, got 1
rm: /private/var/folders/w8/cxsknptj3dx0k7s2501vcnt80000gn/T/fm-control-relaunch.yyDIeM/explicit-2733/home/state/rl7.git-hooks/pre-rebase: Permission denied
rm: /private/var/folders/w8/cxsknptj3dx0k7s2501vcnt80000gn/T/fm-control-relaunch.yyDIeM/explicit-2733/home/state/rl7.git-hooks/pre-applypatch: Permission denied
rm: /private/var/folders/w8/cxsknptj3dx0k7s2501vcnt80000gn/T/fm-control-relaunch.yyDIeM/explicit-2733/home/state/rl7.git-hooks/pre-auto-gc: Permission denied
rm: /private/var/folders/w8/cxsknptj3dx0k7s2501vcnt80000gn/T/fm-control-relaunch.yyDIeM/explicit-2733/home/state/rl7.git-hooks/pre-merge-commit: Permission denied
rm: /private/var/folders/w8/cxsknptj3dx0k7s2501vcnt80000gn/T/fm-control-relaunch.yyDIeM/explicit-2733/home/state/rl7.git-hooks/post-commit: Permission denied
rm: /private/var/folders/w8/cxsknptj3dx0k7s2501vcnt80000gn/T/fm-control-relaunch.yyDIeM/explicit-2733/home/state/rl7.git-hooks/sendemail-validate: Permission denied
rm: /private/var/folders/w8/cxsknptj3dx0k7s2501vcnt80000gn/T/fm-control-relaunch.yyDIeM/explicit-2733/home/state/rl7.git-hooks/applypatch-msg: Permission denied
rm: /private/var/folders/w8/cxsknptj3dx0k7s2501vcnt80000gn/T/fm-control-relaunch.yyDIeM/explicit-2733/home/state/rl7.git-hooks/prepare-commit-msg: Permission denied
rm: /private/var/folders/w8/cxsknptj3dx0k7s2501vcnt80000gn/T/fm-control-relaunch.yyDIeM/explicit-2733/home/state/rl7.git-hooks/post-checkout: Permission denied
rm: /private/var/folders/w8/cxsknptj3dx0k7s2501vcnt80000gn/T/fm-control-relaunch.yyDIeM/explicit-2733/home/state/rl7.git-hooks/post-applypatch: Permission denied
rm: /private/var/folders/w8/cxsknptj3dx0k7s2501vcnt80000gn/T/fm-control-relaunch.yyDIeM/explicit-2733/home/state/rl7.git-hooks/post-rewrite: Permission denied
rm: /private/var/folders/w8/cxsknptj3dx0k7s2501vcnt80000gn/T/fm-control-relaunch.yyDIeM/explicit-2733/home/state/rl7.git-hooks/commit-msg: Permission denied
rm: /private/var/folders/w8/cxsknptj3dx0k7s2501vcnt80000gn/T/fm-control-relaunch.yyDIeM/explicit-2733/home/state/rl7.git-hooks/pre-push: Permission denied
rm: /private/var/folders/w8/cxsknptj3dx0k7s2501vcnt80000gn/T/fm-control-relaunch.yyDIeM/explicit-2733/home/state/rl7.git-hooks/post-merge: Permission denied
rm: /private/var/folders/w8/cxsknptj3dx0k7s2501vcnt80000gn/T/fm-control-relaunch.yyDIeM/explicit-2733/home/state/rl7.git-hooks/pre-commit: Permission denied
rm: /private/var/folders/w8/cxsknptj3dx0k7s2501vcnt80000gn/T/fm-control-relaunch.yyDIeM/explicit-2733/home/state/rl7.git-hooks: Directory not empty
rm: /private/var/folders/w8/cxsknptj3dx0k7s2501vcnt80000gn/T/fm-control-relaunch.yyDIeM/explicit-2733/home/state: Directory not empty
rm: /private/var/folders/w8/cxsknptj3dx0k7s2501vcnt80000gn/T/fm-control-relaunch.yyDIeM/explicit-2733/home: Directory not empty
rm: /private/var/folders/w8/cxsknptj3dx0k7s2501vcnt80000gn/T/fm-control-relaunch.yyDIeM/explicit-2733: Directory not empty
rm: /private/var/folders/w8/cxsknptj3dx0k7s2501vcnt80000gn/T/fm-control-relaunch.yyDIeM/note-5845/home/state/rl2.git-hooks/pre-rebase: Permission denied
rm: /private/var/folders/w8/cxsknptj3dx0k7s2501vcnt80000gn/T/fm-control-relaunch.yyDIeM/note-5845/home/state/rl2.git-hooks/pre-applypatch: Permission denied
rm: /private/var/folders/w8/cxsknptj3dx0k7s2501vcnt80000gn/T/fm-control-relaunch.yyDIeM/note-5845/home/state/rl2.git-hooks/pre-auto-gc: Permission denied
rm: /private/var/folders/w8/cxsknptj3dx0k7s2501vcnt80000gn/T/fm-control-relaunch.yyDIeM/note-5845/home/state/rl2.git-hooks/pre-merge-commit: Permission denied
rm: /private/var/folders/w8/cxsknptj3dx0k7s2501vcnt80000gn/T/fm-control-relaunch.yyDIeM/note-5845/home/state/rl2.git-hooks/post-commit: Permission denied
rm: /private/var/folders/w8/cxsknptj3dx0k7s2501vcnt80000gn/T/fm-control-relaunch.yyDIeM/note-5845/home/state/rl2.git-hooks/sendemail-validate: Permission denied
rm: /private/var/folders/w8/cxsknptj3dx0k7s2501vcnt80000gn/T/fm-control-relaunch.yyDIeM/note-5845/home/state/rl2.git-hooks/applypatch-msg: Permission denied
rm: /private/var/folders/w8/cxsknptj3dx0k7s2501vcnt80000gn/T/fm-control-relaunch.yyDIeM/note-5845/home/state/rl2.git-hooks/prepare-commit-msg: Permission denied
rm: /private/var/folders/w8/cxsknptj3dx0k7s2501vcnt80000gn/T/fm-control-relaunch.yyDIeM/note-5845/home/state/rl2.git-hooks/post-checkout: Permission denied
rm: /private/var/folders/w8/cxsknptj3dx0k7s2501vcnt80000gn/T/fm-control-relaunch.yyDIeM/note-5845/home/state/rl2.git-hooks/post-applypatch: Permission denied
rm: /private/var/folders/w8/cxsknptj3dx0k7s2501vcnt80000gn/T/fm-control-relaunch.yyDIeM/note-5845/home/state/rl2.git-hooks/post-rewrite: Permission denied
rm: /private/var/folders/w8/cxsknptj3dx0k7s2501vcnt80000gn/T/fm-control-relaunch.yyDIeM/note-5845/home/state/rl2.git-hooks/commit-msg: Permission denied
rm: /private/var/folders/w8/cxsknptj3dx0k7s2501vcnt80000gn/T/fm-control-relaunch.yyDIeM/note-5845/home/state/rl2.git-hooks/pre-push: Permission denied
rm: /private/var/folders/w8/cxsknptj3dx0k7s2501vcnt80000gn/T/fm-control-relaunch.yyDIeM/note-5845/home/state/rl2.git-hooks/post-merge: Permission denied
rm: /private/var/folders/w8/cxsknptj3dx0k7s2501vcnt80000gn/T/fm-control-relaunch.yyDIeM/note-5845/home/state/rl2.git-hooks/pre-commit: Permission denied
rm: /private/var/folders/w8/cxsknptj3dx0k7s2501vcnt80000gn/T/fm-control-relaunch.yyDIeM/note-5845/home/state/rl2.git-hooks: Directory not empty
rm: /private/var/folders/w8/cxsknptj3dx0k7s2501vcnt80000gn/T/fm-control-relaunch.yyDIeM/note-5845/home/state: Directory not empty
rm: /private/var/folders/w8/cxsknptj3dx0k7s2501vcnt80000gn/T/fm-control-relaunch.yyDIeM/note-5845/home: Directory not empty
rm: /private/var/folders/w8/cxsknptj3dx0k7s2501vcnt80000gn/T/fm-control-relaunch.yyDIeM/note-5845: Directory not empty
rm: /private/var/folders/w8/cxsknptj3dx0k7s2501vcnt80000gn/T/fm-control-relaunch.yyDIeM/musewiring-29614/home/state/rl31.git-hooks/pre-rebase: Permission denied
rm: /private/var/folders/w8/cxsknptj3dx0k7s2501vcnt80000gn/T/fm-control-relaunch.yyDIeM/musewiring-29614/home/state/rl31.git-hooks/pre-applypatch: Permission denied
rm: /private/var/folders/w8/cxsknptj3dx0k7s2501vcnt80000gn/T/fm-control-relaunch.yyDIeM/musewiring-29614/home/state/rl31.git-hooks/pre-auto-gc: Permission denied
rm: /private/var/folders/w8/cxsknptj3dx0k7s2501vcnt80000gn/T/fm-control-relaunch.yyDIeM/musewiring-29614/home/state/rl31.git-hooks/pre-merge-commit: Permission denied
rm: /private/var/folders/w8/cxsknptj3dx0k7s2501vcnt80000gn/T/fm-control-relaunch.yyDIeM/musewiring-29614/home/state/rl31.git-hooks/post-commit: Permission denied
rm: /private/var/folders/w8/cxsknptj3dx0k7s2501vcnt80000gn/T/fm-control-relaunch.yyDIeM/musewiring-29614/home/state/rl31.git-hooks/sendemail-validate: Permission denied
rm: /private/var/folders/w8/cxsknptj3dx0k7s2501vcnt80000gn/T/fm-control-relaunch.yyDIeM/musewiring-29614/home/state/rl31.git-hooks/applypatch-msg: Permission denied
rm: /private/var/folders/w8/cxsknptj3dx0k7s2501vcnt80000gn/T/fm-control-relaunch.yyDIeM/musewiring-29614/home/state/rl31.git-hooks/prepare-commit-msg: Permission denied
rm: /private/var/folders/w8/cxsknptj3dx0k7s2501vcnt80000gn/T/fm-control-relaunch.yyDIeM/musewiring-29614/home/state/rl31.git-hooks/post-checkout: Permission denied
rm: /private/var/folders/w8/cxsknptj3dx0k7s2501vcnt80000gn/T/fm-control-relaunch.yyDIeM/musewiring-29614/home/state/rl31.git-hooks/post-applypatch: Permission denied
rm: /private/var/folders/w8/cxsknptj3dx0k7s2501vcnt80000gn/T/fm-control-relaunch.yyDIeM/musewiring-29614/home/state/rl31.git-hooks/post-rewrite: Permission denied
rm: /private/var/folders/w8/cxsknptj3dx0k7s2501vcnt80000gn/T/fm-control-relaunch.yyDIeM/musewiring-29614/home/state/rl31.git-hooks/commit-msg: Permission denied
rm: /private/var/folders/w8/cxsknptj3dx0k7s2501vcnt80000gn/T/fm-control-relaunch.yyDIeM/musewiring-29614/home/state/rl31.git-hooks/pre-push: Permission denied
rm: /private/var/folders/w8/cxsknptj3dx0k7s2501vcnt80000gn/T/fm-control-relaunch.yyDIeM/musewiring-29614/home/state/rl31.git-hooks/post-merge: Permission denied
rm: /private/var/folders/w8/cxsknptj3dx0k7s2501vcnt80000gn/T/fm-control-relaunch.yyDIeM/musewiring-29614/home/state/rl31.git-hooks/pre-commit: Permission denied
rm: /private/var/folders/w8/cxsknptj3dx0k7s2501vcnt80000gn/T/fm-control-relaunch.yyDIeM/musewiring-29614/home/state/rl31.git-hooks: Directory not empty
rm: /private/var/folders/w8/cxsknptj3dx0k7s2501vcnt80000gn/T/fm-control-relaunch.yyDIeM/musewiring-29614/home/state: Directory not empty
rm: /private/var/folders/w8/cxsknptj3dx0k7s2501vcnt80000gn/T/fm-control-relaunch.yyDIeM/musewiring-29614/home: Directory not empty
rm: /private/var/folders/w8/cxsknptj3dx0k7s2501vcnt80000gn/T/fm-control-relaunch.yyDIeM/musewiring-29614: Directory not empty
rm: /private/var/folders/w8/cxsknptj3dx0k7s2501vcnt80000gn/T/fm-control-relaunch.yyDIeM/journal-27832/home/state/rl14.git-hooks/pre-rebase: Permission denied
rm: /private/var/folders/w8/cxsknptj3dx0k7s2501vcnt80000gn/T/fm-control-relaunch.yyDIeM/journal-27832/home/state/rl14.git-hooks/pre-applypatch: Permission denied
rm: /private/var/folders/w8/cxsknptj3dx0k7s2501vcnt80000gn/T/fm-control-relaunch.yyDIeM/journal-27832/home/state/rl14.git-hooks/pre-auto-gc: Permission denied
rm: /private/var/folders/w8/cxsknptj3dx0k7s2501vcnt80000gn/T/fm-control-relaunch.yyDIeM/journal-27832/home/state/rl14.git-hooks/pre-merge-commit: Permission denied
rm: /private/var/folders/w8/cxsknptj3dx0k7s2501vcnt80000gn/T/fm-control-relaunch.yyDIeM/journal-27832/home/state/rl14.git-hooks/post-commit: Permission denied
rm: /private/var/folders/w8/cxsknptj3dx0k7s2501vcnt80000gn/T/fm-control-relaunch.yyDIeM/journal-27832/home/state/rl14.git-hooks/sendemail-validate: Permission denied
rm: /private/var/folders/w8/cxsknptj3dx0k7s2501vcnt80000gn/T/fm-control-relaunch.yyDIeM/journal-27832/home/state/rl14.git-hooks/applypatch-msg: Permission denied
rm: /private/var/folders/w8/cxsknptj3dx0k7s2501vcnt80000gn/T/fm-control-relaunch.yyDIeM/journal-27832/home/state/rl14.git-hooks/prepare-commit-msg: Permission denied
rm: /private/var/folders/w8/cxsknptj3dx0k7s2501vcnt80000gn/T/fm-control-relaunch.yyDIeM/journal-27832/home/state/rl14.git-hooks/post-checkout: Permission denied
rm: /private/var/folders/w8/cxsknptj3dx0k7s2501vcnt80000gn/T/fm-control-relaunch.yyDIeM/journal-27832/home/state/rl14.git-hooks/post-applypatch: Permission denied
rm: /private/var/folders/w8/cxsknptj3dx0k7s2501vcnt80000gn/T/fm-control-relaunch.yyDIeM/journal-27832/home/state/rl14.git-hooks/post-rewrite: Permission denied
rm: /private/var/folders/w8/cxsknptj3dx0k7s2501vcnt80000gn/T/fm-control-relaunch.yyDIeM/journal-27832/home/state/rl14.git-hooks/commit-msg: Permission denied
rm: /private/var/folders/w8/cxsknptj3dx0k7s2501vcnt80000gn/T/fm-control-relaunch.yyDIeM/journal-27832/home/state/rl14.git-hooks/pre-push: Permission denied
rm: /private/var/folders/w8/cxsknptj3dx0k7s2501vcnt80000gn/T/fm-control-relaunch.yyDIeM/journal-27832/home/state/rl14.git-hooks/post-merge: Permission denied
rm: /private/var/folders/w8/cxsknptj3dx0k7s2501vcnt80000gn/T/fm-control-relaunch.yyDIeM/journal-27832/home/state/rl14.git-hooks/pre-commit: Permission denied
rm: /private/var/folders/w8/cxsknptj3dx0k7s2501vcnt80000gn/T/fm-control-relaunch.yyDIeM/journal-27832/home/state/rl14.git-hooks: Directory not empty
rm: /private/var/folders/w8/cxsknptj3dx0k7s2501vcnt80000gn/T/fm-control-relaunch.yyDIeM/journal-27832/home/state: Directory not empty
rm: /private/var/folders/w8/cxsknptj3dx0k7s2501vcnt80000gn/T/fm-control-relaunch.yyDIeM/journal-27832/home: Directory not empty
rm: /private/var/folders/w8/cxsknptj3dx0k7s2501vcnt80000gn/T/fm-control-relaunch.yyDIeM/journal-27832: Directory not empty
rm: /private/var/folders/w8/cxsknptj3dx0k7s2501vcnt80000gn/T/fm-control-relaunch.yyDIeM/promoted-scout-no-mistakes-5310/home/state/rl-promoted-no-mistakes.git-hooks/pre-rebase: Permission denied
rm: /private/var/folders/w8/cxsknptj3dx0k7s2501vcnt80000gn/T/fm-control-relaunch.yyDIeM/promoted-scout-no-mistakes-5310/home/state/rl-promoted-no-mistakes.git-hooks/pre-applypatch: Permission denied
rm: /private/var/folders/w8/cxsknptj3dx0k7s2501vcnt80000gn/T/fm-control-relaunch.yyDIeM/promoted-scout-no-mistakes-5310/home/state/rl-promoted-no-mistakes.git-hooks/pre-auto-gc: Permission denied
rm: /private/var/folders/w8/cxsknptj3dx0k7s2501vcnt80000gn/T/fm-control-relaunch.yyDIeM/promoted-scout-no-mistakes-5310/home/state/rl-promoted-no-mistakes.git-hooks/pre-merge-commit: Permission denied
rm: /private/var/folders/w8/cxsknptj3dx0k7s2501vcnt80000gn/T/fm-control-relaunch.yyDIeM/promoted-scout-no-mistakes-5310/home/state/rl-promoted-no-mistakes.git-hooks/post-commit: Permission denied
rm: /private/var/folders/w8/cxsknptj3dx0k7s2501vcnt80000gn/T/fm-control-relaunch.yyDIeM/promoted-scout-no-mistakes-5310/home/state/rl-promoted-no-mistakes.git-hooks/sendemail-validate: Permission denied
rm: /private/var/folders/w8/cxsknptj3dx0k7s2501vcnt80000gn/T/fm-control-relaunch.yyDIeM/promoted-scout-no-mistakes-5310/home/state/rl-promoted-no-mistakes.git-hooks/applypatch-msg: Permission denied
rm: /private/var/folders/w8/cxsknptj3dx0k7s2501vcnt80000gn/T/fm-control-relaunch.yyDIeM/promoted-scout-no-mistakes-5310/home/state/rl-promoted-no-mistakes.git-hooks/prepare-commit-msg: Permission denied
rm: /private/var/folders/w8/cxsknptj3dx0k7s2501vcnt80000gn/T/fm-control-relaunch.yyDIeM/promoted-scout-no-mistakes-5310/home/state/rl-promoted-no-mistakes.git-hooks/post-checkout: Permission denied
rm: /private/var/folders/w8/cxsknptj3dx0k7s2501vcnt80000gn/T/fm-control-relaunch.yyDIeM/promoted-scout-no-mistakes-5310/home/state/rl-promoted-no-mistakes.git-hooks/post-applypatch: Permission denied
rm: /private/var/folders/w8/cxsknptj3dx0k7s2501vcnt80000gn/T/fm-control-relaunch.yyDIeM/promoted-scout-no-mistakes-5310/home/state/rl-promoted-no-mistakes.git-hooks/post-rewrite: Permission denied
rm: /private/var/folders/w8/cxsknptj3dx0k7s2501vcnt80000gn/T/fm-control-relaunch.yyDIeM/promoted-scout-no-mistakes-5310/home/state/rl-promoted-no-mistakes.git-hooks/commit-msg: Permission denied
rm: /private/var/folders/w8/cxsknptj3dx0k7s2501vcnt80000gn/T/fm-control-relaunch.yyDIeM/promoted-scout-no-mistakes-5310/home/state/rl-promoted-no-mistakes.git-hooks/pre-push: Permission denied
rm: /private/var/folders/w8/cxsknptj3dx0k7s2501vcnt80000gn/T/fm-control-relaunch.yyDIeM/promoted-scout-no-mistakes-5310/home/state/rl-promoted-no-mistakes.git-hooks/post-merge: Permission denied
rm: /private/var/folders/w8/cxsknptj3dx0k7s2501vcnt80000gn/T/fm-control-relaunch.yyDIeM/promoted-scout-no-mistakes-5310/home/state/rl-promoted-no-mistakes.git-hooks/pre-commit: Permission denied
rm: /private/var/folders/w8/cxsknptj3dx0k7s2501vcnt80000gn/T/fm-control-relaunch.yyDIeM/promoted-scout-no-mistakes-5310/home/state/rl-promoted-no-mistakes.git-hooks: Directory not empty
rm: /private/var/folders/w8/cxsknptj3dx0k7s2501vcnt80000gn/T/fm-control-relaunch.yyDIeM/promoted-scout-no-mistakes-5310/home/state: Directory not empty
rm: /private/var/folders/w8/cxsknptj3dx0k7s2501vcnt80000gn/T/fm-control-relaunch.yyDIeM/promoted-scout-no-mistakes-5310/home: Directory not empty
rm: /private/var/folders/w8/cxsknptj3dx0k7s2501vcnt80000gn/T/fm-control-relaunch.yyDIeM/promoted-scout-no-mistakes-5310: Directory not empty
rm: /private/var/folders/w8/cxsknptj3dx0k7s2501vcnt80000gn/T/fm-control-relaunch.yyDIeM/cursorwiring-10651/home/state/rl35.git-hooks/pre-rebase: Permission denied
rm: /private/var/folders/w8/cxsknptj3dx0k7s2501vcnt80000gn/T/fm-control-relaunch.yyDIeM/cursorwiring-10651/home/state/rl35.git-hooks/pre-applypatch: Permission denied
rm: /private/var/folders/w8/cxsknptj3dx0k7s2501vcnt80000gn/T/fm-control-relaunch.yyDIeM/cursorwiring-10651/home/state/rl35.git-hooks/pre-auto-gc: Permission denied
rm: /private/var/folders/w8/cxsknptj3dx0k7s2501vcnt80000gn/T/fm-control-relaunch.yyDIeM/cursorwiring-10651/home/state/rl35.git-hooks/pre-merge-commit: Permission denied
rm: /private/var/folders/w8/cxsknptj3dx0k7s2501vcnt80000gn/T/fm-control-relaunch.yyDIeM/cursorwiring-10651/home/state/rl35.git-hooks/post-commit: Permission denied
rm: /private/var/folders/w8/cxsknptj3dx0k7s2501vcnt80000gn/T/fm-control-relaunch.yyDIeM/cursorwiring-10651/home/state/rl35.git-hooks/sendemail-validate: Permission denied
rm: /private/var/folders/w8/cxsknptj3dx0k7s2501vcnt80000gn/T/fm-control-relaunch.yyDIeM/cursorwiring-10651/home/state/rl35.git-hooks/applypatch-msg: Permission denied
rm: /private/var/folders/w8/cxsknptj3dx0k7s2501vcnt80000gn/T/fm-control-relaunch.yyDIeM/cursorwiring-10651/home/state/rl35.git-hooks/prepare-commit-msg: Permission denied
rm: /private/var/folders/w8/cxsknptj3dx0k7s2501vcnt80000gn/T/fm-control-relaunch.yyDIeM/cursorwiring-10651/home/state/rl35.git-hooks/post-checkout: Permission denied
rm: /private/var/folders/w8/cxsknptj3dx0k7s2501vcnt80000gn/T/fm-control-relaunch.yyDIeM/cursorwiring-10651/home/state/rl35.git-hooks/post-applypatch: Permission denied
rm: /private/var/folders/w8/cxsknptj3dx0k7s2501vcnt80000gn/T/fm-control-relaunch.yyDIeM/cursorwiring-10651/home/state/rl35.git-hooks/post-rewrite: Permission denied
rm: /private/var/folders/w8/cxsknptj3dx0k7s2501vcnt80000gn/T/fm-control-relaunch.yyDIeM/cursorwiring-10651/home/state/rl35.git-hooks/commit-msg: Permission denied
rm: /private/var/folders/w8/cxsknptj3dx0k7s2501vcnt80000gn/T/fm-control-relaunch.yyDIeM/cursorwiring-10651/home/state/rl35.git-hooks/pre-push: Permission denied
rm: /private/var/folders/w8/cxsknptj3dx0k7s2501vcnt80000gn/T/fm-control-relaunch.yyDIeM/cursorwiring-10651/home/state/rl35.git-hooks/post-merge: Permission denied
rm: /private/var/folders/w8/cxsknptj3dx0k7s2501vcnt80000gn/T/fm-control-relaunch.yyDIeM/cursorwiring-10651/home/state/rl35.git-hooks/pre-commit: Permission denied
rm: /private/var/folders/w8/cxsknptj3dx0k7s2501vcnt80000gn/T/fm-control-relaunch.yyDIeM/cursorwiring-10651/home/state/rl35.git-hooks: Directory not empty
rm: /private/var/folders/w8/cxsknptj3dx0k7s2501vcnt80000gn/T/fm-control-relaunch.yyDIeM/cursorwiring-10651/home/state: Directory not empty
rm: /private/var/folders/w8/cxsknptj3dx0k7s2501vcnt80000gn/T/fm-control-relaunch.yyDIeM/cursorwiring-10651/home: Directory not empty
rm: /private/var/folders/w8/cxsknptj3dx0k7s2501vcnt80000gn/T/fm-control-relaunch.yyDIeM/cursorwiring-10651: Directory not empty
rm: /private/var/folders/w8/cxsknptj3dx0k7s2501vcnt80000gn/T/fm-control-relaunch.yyDIeM/grokauth-21373/home/state/rl9.git-hooks/pre-rebase: Permission denied
rm: /private/var/folders/w8/cxsknptj3dx0k7s2501vcnt80000gn/T/fm-control-relaunch.yyDIeM/grokauth-21373/home/state/rl9.git-hooks/pre-applypatch: Permission denied
rm: /private/var/folders/w8/cxsknptj3dx0k7s2501vcnt80000gn/T/fm-control-relaunch.yyDIeM/grokauth-21373/home/state/rl9.git-hooks/pre-auto-gc: Permission denied
rm: /private/var/folders/w8/cxsknptj3dx0k7s2501vcnt80000gn/T/fm-control-relaunch.yyDIeM/grokauth-21373/home/state/rl9.git-hooks/pre-merge-commit: Permission denied
rm: /private/var/folders/w8/cxsknptj3dx0k7s2501vcnt80000gn/T/fm-control-relaunch.yyDIeM/grokauth-21373/home/state/rl9.git-hooks/post-commit: Permission denied
rm: /private/var/folders/w8/cxsknptj3dx0k7s2501vcnt80000gn/T/fm-control-relaunch.yyDIeM/grokauth-21373/home/state/rl9.git-hooks/sendemail-validate: Permission denied
rm: /private/var/folders/w8/cxsknptj3dx0k7s2501vcnt80000gn/T/fm-control-relaunch.yyDIeM/grokauth-21373/home/state/rl9.git-hooks/applypatch-msg: Permission denied
rm: /private/var/folders/w8/cxsknptj3dx0k7s2501vcnt80000gn/T/fm-control-relaunch.yyDIeM/grokauth-21373/home/state/rl9.git-hooks/prepare-commit-msg: Permission denied
rm: /private/var/folders/w8/cxsknptj3dx0k7s2501vcnt80000gn/T/fm-control-relaunch.yyDIeM/grokauth-21373/home/state/rl9.git-hooks/post-checkout: Permission denied
rm: /private/var/folders/w8/cxsknptj3dx0k7s2501vcnt80000gn/T/fm-control-relaunch.yyDIeM/grokauth-21373/home/state/rl9.git-hooks/post-applypatch: Permission denied
rm: /private/var/folders/w8/cxsknptj3dx0k7s2501vcnt80000gn/T/fm-control-relaunch.yyDIeM/grokauth-21373/home/state/rl9.git-hooks/post-rewrite: Permission denied
rm: /private/var/folders/w8/cxsknptj3dx0k7s2501vcnt80000gn/T/fm-control-relaunch.yyDIeM/grokauth-21373/home/state/rl9.git-hooks/commit-msg: Permission denied
rm: /private/var/folders/w8/cxsknptj3dx0k7s2501vcnt80000gn/T/fm-control-relaunch.yyDIeM/grokauth-21373/home/state/rl9.git-hooks/pre-push: Permission denied
rm: /private/var/folders/w8/cxsknptj3dx0k7s2501vcnt80000gn/T/fm-control-relaunch.yyDIeM/grokauth-21373/home/state/rl9.git-hooks/post-merge: Permission denied
rm: /private/var/folders/w8/cxsknptj3dx0k7s2501vcnt80000gn/T/fm-control-relaunch.yyDIeM/grokauth-21373/home/state/rl9.git-hooks/pre-commit: Permission denied
rm: /private/var/folders/w8/cxsknptj3dx0k7s2501vcnt80000gn/T/fm-control-relaunch.yyDIeM/grokauth-21373/home/state/rl9.git-hooks: Directory not empty
rm: /private/var/folders/w8/cxsknptj3dx0k7s2501vcnt80000gn/T/fm-control-relaunch.yyDIeM/grokauth-21373/home/state: Directory not empty
rm: /private/var/folders/w8/cxsknptj3dx0k7s2501vcnt80000gn/T/fm-control-relaunch.yyDIeM/grokauth-21373/home: Directory not empty
rm: /private/var/folders/w8/cxsknptj3dx0k7s2501vcnt80000gn/T/fm-control-relaunch.yyDIeM/grokauth-21373: Directory not empty
rm: /private/var/folders/w8/cxsknptj3dx0k7s2501vcnt80000gn/T/fm-control-relaunch.yyDIeM/prefixcontrol-3719/home/state/rl32.git-hooks/pre-rebase: Permission denied
rm: /private/var/folders/w8/cxsknptj3dx0k7s2501vcnt80000gn/T/fm-control-relaunch.yyDIeM/prefixcontrol-3719/home/state/rl32.git-hooks/pre-applypatch: Permission denied
rm: /private/var/folders/w8/cxsknptj3dx0k7s2501vcnt80000gn/T/fm-control-relaunch.yyDIeM/prefixcontrol-3719/home/state/rl32.git-hooks/pre-auto-gc: Permission denied
rm: /private/var/folders/w8/cxsknptj3dx0k7s2501vcnt80000gn/T/fm-control-relaunch.yyDIeM/prefixcontrol-3719/home/state/rl32.git-hooks/pre-merge-commit: Permission denied
rm: /private/var/folders/w8/cxsknptj3dx0k7s2501vcnt80000gn/T/fm-control-relaunch.yyDIeM/prefixcontrol-3719/home/state/rl32.git-hooks/post-commit: Permission denied
rm: /private/var/folders/w8/cxsknptj3dx0k7s2501vcnt80000gn/T/fm-control-relaunch.yyDIeM/prefixcontrol-3719/home/state/rl32.git-hooks/sendemail-validate: Permission denied
rm: /private/var/folders/w8/cxsknptj3dx0k7s2501vcnt80000gn/T/fm-control-relaunch.yyDIeM/prefixcontrol-3719/home/state/rl32.git-hooks/applypatch-msg: Permission denied
rm: /private/var/folders/w8/cxsknptj3dx0k7s2501vcnt80000gn/T/fm-control-relaunch.yyDIeM/prefixcontrol-3719/home/state/rl32.git-hooks/prepare-commit-msg: Permission denied
rm: /private/var/folders/w8/cxsknptj3dx0k7s2501vcnt80000gn/T/fm-control-relaunch.yyDIeM/prefixcontrol-3719/home/state/rl32.git-hooks/post-checkout: Permission denied
rm: /private/var/folders/w8/cxsknptj3dx0k7s2501vcnt80000gn/T/fm-control-relaunch.yyDIeM/prefixcontrol-3719/home/state/rl32.git-hooks/post-applypatch: Permission denied
rm: /private/var/folders/w8/cxsknptj3dx0k7s2501vcnt80000gn/T/fm-control-relaunch.yyDIeM/prefixcontrol-3719/home/state/rl32.git-hooks/post-rewrite: Permission denied
rm: /private/var/folders/w8/cxsknptj3dx0k7s2501vcnt80000gn/T/fm-control-relaunch.yyDIeM/prefixcontrol-3719/home/state/rl32.git-hooks/commit-msg: Permission denied
rm: /private/var/folders/w8/cxsknptj3dx0k7s2501vcnt80000gn/T/fm-control-relaunch.yyDIeM/prefixcontrol-3719/home/state/rl32.git-hooks/pre-push: Permission denied
rm: /private/var/folders/w8/cxsknptj3dx0k7s2501vcnt80000gn/T/fm-control-relaunch.yyDIeM/prefixcontrol-3719/home/state/rl32.git-hooks/post-merge: Permission denied
rm: /private/var/folders/w8/cxsknptj3dx0k7s2501vcnt80000gn/T/fm-control-relaunch.yyDIeM/prefixcontrol-3719/home/state/rl32.git-hooks/pre-commit: Permission denied
rm: /private/var/folders/w8/cxsknptj3dx0k7s2501vcnt80000gn/T/fm-control-relaunch.yyDIeM/prefixcontrol-3719/home/state/rl32.git-hooks: Directory not empty
rm: /private/var/folders/w8/cxsknptj3dx0k7s2501vcnt80000gn/T/fm-control-relaunch.yyDIeM/prefixcontrol-3719/home/state: Directory not empty
rm: /private/var/folders/w8/cxsknptj3dx0k7s2501vcnt80000gn/T/fm-control-relaunch.yyDIeM/prefixcontrol-3719/home: Directory not empty
rm: /private/var/folders/w8/cxsknptj3dx0k7s2501vcnt80000gn/T/fm-control-relaunch.yyDIeM/prefixcontrol-3719: Directory not empty
rm: /private/var/folders/w8/cxsknptj3dx0k7s2501vcnt80000gn/T/fm-control-relaunch.yyDIeM/native-ultra-2269/home/state/rl-ultra.git-hooks/pre-rebase: Permission denied
rm: /private/var/folders/w8/cxsknptj3dx0k7s2501vcnt80000gn/T/fm-control-relaunch.yyDIeM/native-ultra-2269/home/state/rl-ultra.git-hooks/pre-applypatch: Permission denied
rm: /private/var/folders/w8/cxsknptj3dx0k7s2501vcnt80000gn/T/fm-control-relaunch.yyDIeM/native-ultra-2269/home/state/rl-ultra.git-hooks/pre-auto-gc: Permission denied
rm: /private/var/folders/w8/cxsknptj3dx0k7s2501vcnt80000gn/T/fm-control-relaunch.yyDIeM/native-ultra-2269/home/state/rl-ultra.git-hooks/pre-merge-commit: Permission denied
rm: /private/var/folders/w8/cxsknptj3dx0k7s2501vcnt80000gn/T/fm-control-relaunch.yyDIeM/native-ultra-2269/home/state/rl-ultra.git-hooks/post-commit: Permission denied
rm: /private/var/folders/w8/cxsknptj3dx0k7s2501vcnt80000gn/T/fm-control-relaunch.yyDIeM/native-ultra-2269/home/state/rl-ultra.git-hooks/sendemail-validate: Permission denied
rm: /private/var/folders/w8/cxsknptj3dx0k7s2501vcnt80000gn/T/fm-control-relaunch.yyDIeM/native-ultra-2269/home/state/rl-ultra.git-hooks/applypatch-msg: Permission denied
rm: /private/var/folders/w8/cxsknptj3dx0k7s2501vcnt80000gn/T/fm-control-relaunch.yyDIeM/native-ultra-2269/home/state/rl-ultra.git-hooks/prepare-commit-msg: Permission denied
rm: /private/var/folders/w8/cxsknptj3dx0k7s2501vcnt80000gn/T/fm-control-relaunch.yyDIeM/native-ultra-2269/home/state/rl-ultra.git-hooks/post-checkout: Permission denied
rm: /private/var/folders/w8/cxsknptj3dx0k7s2501vcnt80000gn/T/fm-control-relaunch.yyDIeM/native-ultra-2269/home/state/rl-ultra.git-hooks/post-applypatch: Permission denied
rm: /private/var/folders/w8/cxsknptj3dx0k7s2501vcnt80000gn/T/fm-control-relaunch.yyDIeM/native-ultra-2269/home/state/rl-ultra.git-hooks/post-rewrite: Permission denied
rm: /private/var/folders/w8/cxsknptj3dx0k7s2501vcnt80000gn/T/fm-control-relaunch.yyDIeM/native-ultra-2269/home/state/rl-ultra.git-hooks/commit-msg: Permission denied
rm: /private/var/folders/w8/cxsknptj3dx0k7s2501vcnt80000gn/T/fm-control-relaunch.yyDIeM/native-ultra-2269/home/state/rl-ultra.git-hooks/pre-push: Permission denied
rm: /private/var/folders/w8/cxsknptj3dx0k7s2501vcnt80000gn/T/fm-control-relaunch.yyDIeM/native-ultra-2269/home/state/rl-ultra.git-hooks/post-merge: Permission denied
rm: /private/var/folders/w8/cxsknptj3dx0k7s2501vcnt80000gn/T/fm-control-relaunch.yyDIeM/native-ultra-2269/home/state/rl-ultra.git-hooks/pre-commit: Permission denied
rm: /private/var/folders/w8/cxsknptj3dx0k7s2501vcnt80000gn/T/fm-control-relaunch.yyDIeM/native-ultra-2269/home/state/rl-ultra.git-hooks: Directory not empty
rm: /private/var/folders/w8/cxsknptj3dx0k7s2501vcnt80000gn/T/fm-control-relaunch.yyDIeM/native-ultra-2269/home/state: Directory not empty
rm: /private/var/folders/w8/cxsknptj3dx0k7s2501vcnt80000gn/T/fm-control-relaunch.yyDIeM/native-ultra-2269/home: Directory not empty
rm: /private/var/folders/w8/cxsknptj3dx0k7s2501vcnt80000gn/T/fm-control-relaunch.yyDIeM/native-ultra-2269: Directory not empty
rm: /private/var/folders/w8/cxsknptj3dx0k7s2501vcnt80000gn/T/fm-control-relaunch.yyDIeM/same-3206/home/state/rl1.git-hooks/pre-rebase: Permission denied
rm: /private/var/folders/w8/cxsknptj3dx0k7s2501vcnt80000gn/T/fm-control-relaunch.yyDIeM/same-3206/home/state/rl1.git-hooks/pre-applypatch: Permission denied
rm: /private/var/folders/w8/cxsknptj3dx0k7s2501vcnt80000gn/T/fm-control-relaunch.yyDIeM/same-3206/home/state/rl1.git-hooks/pre-auto-gc: Permission denied
rm: /private/var/folders/w8/cxsknptj3dx0k7s2501vcnt80000gn/T/fm-control-relaunch.yyDIeM/same-3206/home/state/rl1.git-hooks/pre-merge-commit: Permission denied
rm: /private/var/folders/w8/cxsknptj3dx0k7s2501vcnt80000gn/T/fm-control-relaunch.yyDIeM/same-3206/home/state/rl1.git-hooks/post-commit: Permission denied
rm: /private/var/folders/w8/cxsknptj3dx0k7s2501vcnt80000gn/T/fm-control-relaunch.yyDIeM/same-3206/home/state/rl1.git-hooks/sendemail-validate: Permission denied
rm: /private/var/folders/w8/cxsknptj3dx0k7s2501vcnt80000gn/T/fm-control-relaunch.yyDIeM/same-3206/home/state/rl1.git-hooks/applypatch-msg: Permission denied
rm: /private/var/folders/w8/cxsknptj3dx0k7s2501vcnt80000gn/T/fm-control-relaunch.yyDIeM/same-3206/home/state/rl1.git-hooks/prepare-commit-msg: Permission denied
rm: /private/var/folders/w8/cxsknptj3dx0k7s2501vcnt80000gn/T/fm-control-relaunch.yyDIeM/same-3206/home/state/rl1.git-hooks/post-checkout: Permission denied
rm: /private/var/folders/w8/cxsknptj3dx0k7s2501vcnt80000gn/T/fm-control-relaunch.yyDIeM/same-3206/home/state/rl1.git-hooks/post-applypatch: Permission denied
rm: /private/var/folders/w8/cxsknptj3dx0k7s2501vcnt80000gn/T/fm-control-relaunch.yyDIeM/same-3206/home/state/rl1.git-hooks/post-rewrite: Permission denied
rm: /private/var/folders/w8/cxsknptj3dx0k7s2501vcnt80000gn/T/fm-control-relaunch.yyDIeM/same-3206/home/state/rl1.git-hooks/commit-msg: Permission denied
rm: /private/var/folders/w8/cxsknptj3dx0k7s2501vcnt80000gn/T/fm-control-relaunch.yyDIeM/same-3206/home/state/rl1.git-hooks/pre-push: Permission denied
rm: /private/var/folders/w8/cxsknptj3dx0k7s2501vcnt80000gn/T/fm-control-relaunch.yyDIeM/same-3206/home/state/rl1.git-hooks/post-merge: Permission denied
rm: /private/var/folders/w8/cxsknptj3dx0k7s2501vcnt80000gn/T/fm-control-relaunch.yyDIeM/same-3206/home/state/rl1.git-hooks/pre-commit: Permission denied
rm: /private/var/folders/w8/cxsknptj3dx0k7s2501vcnt80000gn/T/fm-control-relaunch.yyDIeM/same-3206/home/state/rl1.git-hooks: Directory not empty
rm: /private/var/folders/w8/cxsknptj3dx0k7s2501vcnt80000gn/T/fm-control-relaunch.yyDIeM/same-3206/home/state: Directory not empty
rm: /private/var/folders/w8/cxsknptj3dx0k7s2501vcnt80000gn/T/fm-control-relaunch.yyDIeM/same-3206/home: Directory not empty
rm: /private/var/folders/w8/cxsknptj3dx0k7s2501vcnt80000gn/T/fm-control-relaunch.yyDIeM/same-3206: Directory not empty
rm: /private/var/folders/w8/cxsknptj3dx0k7s2501vcnt80000gn/T/fm-control-relaunch.yyDIeM/continuous-meta-lock-27341/home/state/rl38.git-hooks/pre-rebase: Permission denied
rm: /private/var/folders/w8/cxsknptj3dx0k7s2501vcnt80000gn/T/fm-control-relaunch.yyDIeM/continuous-meta-lock-27341/home/state/rl38.git-hooks/pre-applypatch: Permission denied
rm: /private/var/folders/w8/cxsknptj3dx0k7s2501vcnt80000gn/T/fm-control-relaunch.yyDIeM/continuous-meta-lock-27341/home/state/rl38.git-hooks/pre-auto-gc: Permission denied
rm: /private/var/folders/w8/cxsknptj3dx0k7s2501vcnt80000gn/T/fm-control-relaunch.yyDIeM/continuous-meta-lock-27341/home/state/rl38.git-hooks/pre-merge-commit: Permission denied
rm: /private/var/folders/w8/cxsknptj3dx0k7s2501vcnt80000gn/T/fm-control-relaunch.yyDIeM/continuous-meta-lock-27341/home/state/rl38.git-hooks/post-commit: Permission denied
rm: /private/var/folders/w8/cxsknptj3dx0k7s2501vcnt80000gn/T/fm-control-relaunch.yyDIeM/continuous-meta-lock-27341/home/state/rl38.git-hooks/sendemail-validate: Permission denied
rm: /private/var/folders/w8/cxsknptj3dx0k7s2501vcnt80000gn/T/fm-control-relaunch.yyDIeM/continuous-meta-lock-27341/home/state/rl38.git-hooks/applypatch-msg: Permission denied
rm: /private/var/folders/w8/cxsknptj3dx0k7s2501vcnt80000gn/T/fm-control-relaunch.yyDIeM/continuous-meta-lock-27341/home/state/rl38.git-hooks/prepare-commit-msg: Permission denied
rm: /private/var/folders/w8/cxsknptj3dx0k7s2501vcnt80000gn/T/fm-control-relaunch.yyDIeM/continuous-meta-lock-27341/home/state/rl38.git-hooks/post-checkout: Permission denied
rm: /private/var/folders/w8/cxsknptj3dx0k7s2501vcnt80000gn/T/fm-control-relaunch.yyDIeM/continuous-meta-lock-27341/home/state/rl38.git-hooks/post-applypatch: Permission denied
rm: /private/var/folders/w8/cxsknptj3dx0k7s2501vcnt80000gn/T/fm-control-relaunch.yyDIeM/continuous-meta-lock-27341/home/state/rl38.git-hooks/post-rewrite: Permission denied
rm: /private/var/folders/w8/cxsknptj3dx0k7s2501vcnt80000gn/T/fm-control-relaunch.yyDIeM/continuous-meta-lock-27341/home/state/rl38.git-hooks/commit-msg: Permission denied
rm: /private/var/folders/w8/cxsknptj3dx0k7s2501vcnt80000gn/T/fm-control-relaunch.yyDIeM/continuous-meta-lock-27341/home/state/rl38.git-hooks/pre-push: Permission denied
rm: /private/var/folders/w8/cxsknptj3dx0k7s2501vcnt80000gn/T/fm-control-relaunch.yyDIeM/continuous-meta-lock-27341/home/state/rl38.git-hooks/post-merge: Permission denied
rm: /private/var/folders/w8/cxsknptj3dx0k7s2501vcnt80000gn/T/fm-control-relaunch.yyDIeM/continuous-meta-lock-27341/home/state/rl38.git-hooks/pre-commit: Permission denied
rm: /private/var/folders/w8/cxsknptj3dx0k7s2501vcnt80000gn/T/fm-control-relaunch.yyDIeM/continuous-meta-lock-27341/home/state/rl38.git-hooks: Directory not empty
rm: /private/var/folders/w8/cxsknptj3dx0k7s2501vcnt80000gn/T/fm-control-relaunch.yyDIeM/continuous-meta-lock-27341/home/state: Directory not empty
rm: /private/var/folders/w8/cxsknptj3dx0k7s2501vcnt80000gn/T/fm-control-relaunch.yyDIeM/continuous-meta-lock-27341/home: Directory not empty
rm: /private/var/folders/w8/cxsknptj3dx0k7s2501vcnt80000gn/T/fm-control-relaunch.yyDIeM/continuous-meta-lock-27341: Directory not empty
rm: /private/var/folders/w8/cxsknptj3dx0k7s2501vcnt80000gn/T/fm-control-relaunch.yyDIeM/durable-meta-2583/home/state/rl19.git-hooks/pre-rebase: Permission denied
rm: /private/var/folders/w8/cxsknptj3dx0k7s2501vcnt80000gn/T/fm-control-relaunch.yyDIeM/durable-meta-2583/home/state/rl19.git-hooks/pre-applypatch: Permission denied
rm: /private/var/folders/w8/cxsknptj3dx0k7s2501vcnt80000gn/T/fm-control-relaunch.yyDIeM/durable-meta-2583/home/state/rl19.git-hooks/pre-auto-gc: Permission denied
rm: /private/var/folders/w8/cxsknptj3dx0k7s2501vcnt80000gn/T/fm-control-relaunch.yyDIeM/durable-meta-2583/home/state/rl19.git-hooks/pre-merge-commit: Permission denied
rm: /private/var/folders/w8/cxsknptj3dx0k7s2501vcnt80000gn/T/fm-control-relaunch.yyDIeM/durable-meta-2583/home/state/rl19.git-hooks/post-commit: Permission denied
rm: /private/var/folders/w8/cxsknptj3dx0k7s2501vcnt80000gn/T/fm-control-relaunch.yyDIeM/durable-meta-2583/home/state/rl19.git-hooks/sendemail-validate: Permission denied
rm: /private/var/folders/w8/cxsknptj3dx0k7s2501vcnt80000gn/T/fm-control-relaunch.yyDIeM/durable-meta-2583/home/state/rl19.git-hooks/applypatch-msg: Permission denied
rm: /private/var/folders/w8/cxsknptj3dx0k7s2501vcnt80000gn/T/fm-control-relaunch.yyDIeM/durable-meta-2583/home/state/rl19.git-hooks/prepare-commit-msg: Permission denied
rm: /private/var/folders/w8/cxsknptj3dx0k7s2501vcnt80000gn/T/fm-control-relaunch.yyDIeM/durable-meta-2583/home/state/rl19.git-hooks/post-checkout: Permission denied
rm: /private/var/folders/w8/cxsknptj3dx0k7s2501vcnt80000gn/T/fm-control-relaunch.yyDIeM/durable-meta-2583/home/state/rl19.git-hooks/post-applypatch: Permission denied
rm: /private/var/folders/w8/cxsknptj3dx0k7s2501vcnt80000gn/T/fm-control-relaunch.yyDIeM/durable-meta-2583/home/state/rl19.git-hooks/post-rewrite: Permission denied
rm: /private/var/folders/w8/cxsknptj3dx0k7s2501vcnt80000gn/T/fm-control-relaunch.yyDIeM/durable-meta-2583/home/state/rl19.git-hooks/commit-msg: Permission denied
rm: /private/var/folders/w8/cxsknptj3dx0k7s2501vcnt80000gn/T/fm-control-relaunch.yyDIeM/durable-meta-2583/home/state/rl19.git-hooks/pre-push: Permission denied
rm: /private/var/folders/w8/cxsknptj3dx0k7s2501vcnt80000gn/T/fm-control-relaunch.yyDIeM/durable-meta-2583/home/state/rl19.git-hooks/post-merge: Permission denied
rm: /private/var/folders/w8/cxsknptj3dx0k7s2501vcnt80000gn/T/fm-control-relaunch.yyDIeM/durable-meta-2583/home/state/rl19.git-hooks/pre-commit: Permission denied
rm: /private/var/folders/w8/cxsknptj3dx0k7s2501vcnt80000gn/T/fm-control-relaunch.yyDIeM/durable-meta-2583/home/state/rl19.git-hooks: Directory not empty
rm: /private/var/folders/w8/cxsknptj3dx0k7s2501vcnt80000gn/T/fm-control-relaunch.yyDIeM/durable-meta-2583/home/state: Directory not empty
rm: /private/var/folders/w8/cxsknptj3dx0k7s2501vcnt80000gn/T/fm-control-relaunch.yyDIeM/durable-meta-2583/home: Directory not empty
rm: /private/var/folders/w8/cxsknptj3dx0k7s2501vcnt80000gn/T/fm-control-relaunch.yyDIeM/durable-meta-2583: Directory not empty
rm: /private/var/folders/w8/cxsknptj3dx0k7s2501vcnt80000gn/T/fm-control-relaunch.yyDIeM/spawnharness-25975/home/state/rl21.git-hooks/pre-rebase: Permission denied
rm: /private/var/folders/w8/cxsknptj3dx0k7s2501vcnt80000gn/T/fm-control-relaunch.yyDIeM/spawnharness-25975/home/state/rl21.git-hooks/pre-applypatch: Permission denied
rm: /private/var/folders/w8/cxsknptj3dx0k7s2501vcnt80000gn/T/fm-control-relaunch.yyDIeM/spawnharness-25975/home/state/rl21.git-hooks/pre-auto-gc: Permission denied
rm: /private/var/folders/w8/cxsknptj3dx0k7s2501vcnt80000gn/T/fm-control-relaunch.yyDIeM/spawnharness-25975/home/state/rl21.git-hooks/pre-merge-commit: Permission denied
rm: /private/var/folders/w8/cxsknptj3dx0k7s2501vcnt80000gn/T/fm-control-relaunch.yyDIeM/spawnharness-25975/home/state/rl21.git-hooks/post-commit: Permission denied
rm: /private/var/folders/w8/cxsknptj3dx0k7s2501vcnt80000gn/T/fm-control-relaunch.yyDIeM/spawnharness-25975/home/state/rl21.git-hooks/sendemail-validate: Permission denied
rm: /private/var/folders/w8/cxsknptj3dx0k7s2501vcnt80000gn/T/fm-control-relaunch.yyDIeM/spawnharness-25975/home/state/rl21.git-hooks/applypatch-msg: Permission denied
rm: /private/var/folders/w8/cxsknptj3dx0k7s2501vcnt80000gn/T/fm-control-relaunch.yyDIeM/spawnharness-25975/home/state/rl21.git-hooks/prepare-commit-msg: Permission denied
rm: /private/var/folders/w8/cxsknptj3dx0k7s2501vcnt80000gn/T/fm-control-relaunch.yyDIeM/spawnharness-25975/home/state/rl21.git-hooks/post-checkout: Permission denied
rm: /private/var/folders/w8/cxsknptj3dx0k7s2501vcnt80000gn/T/fm-control-relaunch.yyDIeM/spawnharness-25975/home/state/rl21.git-hooks/post-applypatch: Permission denied
rm: /private/var/folders/w8/cxsknptj3dx0k7s2501vcnt80000gn/T/fm-control-relaunch.yyDIeM/spawnharness-25975/home/state/rl21.git-hooks/post-rewrite: Permission denied
rm: /private/var/folders/w8/cxsknptj3dx0k7s2501vcnt80000gn/T/fm-control-relaunch.yyDIeM/spawnharness-25975/home/state/rl21.git-hooks/commit-msg: Permission denied
rm: /private/var/folders/w8/cxsknptj3dx0k7s2501vcnt80000gn/T/fm-control-relaunch.yyDIeM/spawnharness-25975/home/state/rl21.git-hooks/pre-push: Permission denied
rm: /private/var/folders/w8/cxsknptj3dx0k7s2501vcnt80000gn/T/fm-control-relaunch.yyDIeM/spawnharness-25975/home/state/rl21.git-hooks/post-merge: Permission denied
rm: /private/var/folders/w8/cxsknptj3dx0k7s2501vcnt80000gn/T/fm-control-relaunch.yyDIeM/spawnharness-25975/home/state/rl21.git-hooks/pre-commit: Permission denied
rm: /private/var/folders/w8/cxsknptj3dx0k7s2501vcnt80000gn/T/fm-control-relaunch.yyDIeM/spawnharness-25975/home/state/rl21.git-hooks: Directory not empty
rm: /private/var/folders/w8/cxsknptj3dx0k7s2501vcnt80000gn/T/fm-control-relaunch.yyDIeM/spawnharness-25975/home/state: Directory not empty
rm: /private/var/folders/w8/cxsknptj3dx0k7s2501vcnt80000gn/T/fm-control-relaunch.yyDIeM/spawnharness-25975/home: Directory not empty
rm: /private/var/folders/w8/cxsknptj3dx0k7s2501vcnt80000gn/T/fm-control-relaunch.yyDIeM/spawnharness-25975: Directory not empty
rm: /private/var/folders/w8/cxsknptj3dx0k7s2501vcnt80000gn/T/fm-control-relaunch.yyDIeM/smfindrace-32524/home/state/sm6.git-hooks/pre-rebase: Permission denied
rm: /private/var/folders/w8/cxsknptj3dx0k7s2501vcnt80000gn/T/fm-control-relaunch.yyDIeM/smfindrace-32524/home/state/sm6.git-hooks/pre-applypatch: Permission denied
rm: /private/var/folders/w8/cxsknptj3dx0k7s2501vcnt80000gn/T/fm-control-relaunch.yyDIeM/smfindrace-32524/home/state/sm6.git-hooks/pre-auto-gc: Permission denied
rm: /private/var/folders/w8/cxsknptj3dx0k7s2501vcnt80000gn/T/fm-control-relaunch.yyDIeM/smfindrace-32524/home/state/sm6.git-hooks/pre-merge-commit: Permission denied
rm: /private/var/folders/w8/cxsknptj3dx0k7s2501vcnt80000gn/T/fm-control-relaunch.yyDIeM/smfindrace-32524/home/state/sm6.git-hooks/post-commit: Permission denied
rm: /private/var/folders/w8/cxsknptj3dx0k7s2501vcnt80000gn/T/fm-control-relaunch.yyDIeM/smfindrace-32524/home/state/sm6.git-hooks/sendemail-validate: Permission denied
rm: /private/var/folders/w8/cxsknptj3dx0k7s2501vcnt80000gn/T/fm-control-relaunch.yyDIeM/smfindrace-32524/home/state/sm6.git-hooks/applypatch-msg: Permission denied
rm: /private/var/folders/w8/cxsknptj3dx0k7s2501vcnt80000gn/T/fm-control-relaunch.yyDIeM/smfindrace-32524/home/state/sm6.git-hooks/prepare-commit-msg: Permission denied
rm: /private/var/folders/w8/cxsknptj3dx0k7s2501vcnt80000gn/T/fm-control-relaunch.yyDIeM/smfindrace-32524/home/state/sm6.git-hooks/post-checkout: Permission denied
rm: /private/var/folders/w8/cxsknptj3dx0k7s2501vcnt80000gn/T/fm-control-relaunch.yyDIeM/smfindrace-32524/home/state/sm6.git-hooks/post-applypatch: Permission denied
rm: /private/var/folders/w8/cxsknptj3dx0k7s2501vcnt80000gn/T/fm-control-relaunch.yyDIeM/smfindrace-32524/home/state/sm6.git-hooks/post-rewrite: Permission denied
rm: /private/var/folders/w8/cxsknptj3dx0k7s2501vcnt80000gn/T/fm-control-relaunch.yyDIeM/smfindrace-32524/home/state/sm6.git-hooks/commit-msg: Permission denied
rm: /private/var/folders/w8/cxsknptj3dx0k7s2501vcnt80000gn/T/fm-control-relaunch.yyDIeM/smfindrace-32524/home/state/sm6.git-hooks/pre-push: Permission denied
rm: /private/var/folders/w8/cxsknptj3dx0k7s2501vcnt80000gn/T/fm-control-relaunch.yyDIeM/smfindrace-32524/home/state/sm6.git-hooks/post-merge: Permission denied
rm: /private/var/folders/w8/cxsknptj3dx0k7s2501vcnt80000gn/T/fm-control-relaunch.yyDIeM/smfindrace-32524/home/state/sm6.git-hooks/pre-commit: Permission denied
rm: /private/var/folders/w8/cxsknptj3dx0k7s2501vcnt80000gn/T/fm-control-relaunch.yyDIeM/smfindrace-32524/home/state/sm6.git-hooks: Directory not empty
rm: /private/var/folders/w8/cxsknptj3dx0k7s2501vcnt80000gn/T/fm-control-relaunch.yyDIeM/smfindrace-32524/home/state: Directory not empty
rm: /private/var/folders/w8/cxsknptj3dx0k7s2501vcnt80000gn/T/fm-control-relaunch.yyDIeM/smfindrace-32524/home: Directory not empty
rm: /private/var/folders/w8/cxsknptj3dx0k7s2501vcnt80000gn/T/fm-control-relaunch.yyDIeM/smfindrace-32524: Directory not empty
rm: /private/var/folders/w8/cxsknptj3dx0k7s2501vcnt80000gn/T/fm-control-relaunch.yyDIeM/promoted-scout-direct-PR-21421/home/state/rl-promoted-direct-PR.git-hooks/pre-rebase: Permission denied
rm: /private/var/folders/w8/cxsknptj3dx0k7s2501vcnt80000gn/T/fm-control-relaunch.yyDIeM/promoted-scout-direct-PR-21421/home/state/rl-promoted-direct-PR.git-hooks/pre-applypatch: Permission denied
rm: /private/var/folders/w8/cxsknptj3dx0k7s2501vcnt80000gn/T/fm-control-relaunch.yyDIeM/promoted-scout-direct-PR-21421/home/state/rl-promoted-direct-PR.git-hooks/pre-auto-gc: Permission denied
rm: /private/var/folders/w8/cxsknptj3dx0k7s2501vcnt80000gn/T/fm-control-relaunch.yyDIeM/promoted-scout-direct-PR-21421/home/state/rl-promoted-direct-PR.git-hooks/pre-merge-commit: Permission denied
rm: /private/var/folders/w8/cxsknptj3dx0k7s2501vcnt80000gn/T/fm-control-relaunch.yyDIeM/promoted-scout-direct-PR-21421/home/state/rl-promoted-direct-PR.git-hooks/post-commit: Permission denied
rm: /private/var/folders/w8/cxsknptj3dx0k7s2501vcnt80000gn/T/fm-control-relaunch.yyDIeM/promoted-scout-direct-PR-21421/home/state/rl-promoted-direct-PR.git-hooks/sendemail-validate: Permission denied
rm: /private/var/folders/w8/cxsknptj3dx0k7s2501vcnt80000gn/T/fm-control-relaunch.yyDIeM/promoted-scout-direct-PR-21421/home/state/rl-promoted-direct-PR.git-hooks/applypatch-msg: Permission denied
rm: /private/var/folders/w8/cxsknptj3dx0k7s2501vcnt80000gn/T/fm-control-relaunch.yyDIeM/promoted-scout-direct-PR-21421/home/state/rl-promoted-direct-PR.git-hooks/prepare-commit-msg: Permission denied
rm: /private/var/folders/w8/cxsknptj3dx0k7s2501vcnt80000gn/T/fm-control-relaunch.yyDIeM/promoted-scout-direct-PR-21421/home/state/rl-promoted-direct-PR.git-hooks/post-checkout: Permission denied
rm: /private/var/folders/w8/cxsknptj3dx0k7s2501vcnt80000gn/T/fm-control-relaunch.yyDIeM/promoted-scout-direct-PR-21421/home/state/rl-promoted-direct-PR.git-hooks/post-applypatch: Permission denied
rm: /private/var/folders/w8/cxsknptj3dx0k7s2501vcnt80000gn/T/fm-control-relaunch.yyDIeM/promoted-scout-direct-PR-21421/home/state/rl-promoted-direct-PR.git-hooks/post-rewrite: Permission denied
rm: /private/var/folders/w8/cxsknptj3dx0k7s2501vcnt80000gn/T/fm-control-relaunch.yyDIeM/promoted-scout-direct-PR-21421/home/state/rl-promoted-direct-PR.git-hooks/commit-msg: Permission denied
rm: /private/var/folders/w8/cxsknptj3dx0k7s2501vcnt80000gn/T/fm-control-relaunch.yyDIeM/promoted-scout-direct-PR-21421/home/state/rl-promoted-direct-PR.git-hooks/pre-push: Permission denied
rm: /private/var/folders/w8/cxsknptj3dx0k7s2501vcnt80000gn/T/fm-control-relaunch.yyDIeM/promoted-scout-direct-PR-21421/home/state/rl-promoted-direct-PR.git-hooks/post-merge: Permission denied
rm: /private/var/folders/w8/cxsknptj3dx0k7s2501vcnt80000gn/T/fm-control-relaunch.yyDIeM/promoted-scout-direct-PR-21421/home/state/rl-promoted-direct-PR.git-hooks/pre-commit: Permission denied
rm: /private/var/folders/w8/cxsknptj3dx0k7s2501vcnt80000gn/T/fm-control-relaunch.yyDIeM/promoted-scout-direct-PR-21421/home/state/rl-promoted-direct-PR.git-hooks: Directory not empty
rm: /private/var/folders/w8/cxsknptj3dx0k7s2501vcnt80000gn/T/fm-control-relaunch.yyDIeM/promoted-scout-direct-PR-21421/home/state: Directory not empty
rm: /private/var/folders/w8/cxsknptj3dx0k7s2501vcnt80000gn/T/fm-control-relaunch.yyDIeM/promoted-scout-direct-PR-21421/home: Directory not empty
rm: /private/var/folders/w8/cxsknptj3dx0k7s2501vcnt80000gn/T/fm-control-relaunch.yyDIeM/promoted-scout-direct-PR-21421: Directory not empty
rm: /private/var/folders/w8/cxsknptj3dx0k7s2501vcnt80000gn/T/fm-control-relaunch.yyDIeM/linked-home-8176/home/state/rl42.git-hooks/pre-rebase: Permission denied
rm: /private/var/folders/w8/cxsknptj3dx0k7s2501vcnt80000gn/T/fm-control-relaunch.yyDIeM/linked-home-8176/home/state/rl42.git-hooks/pre-applypatch: Permission denied
rm: /private/var/folders/w8/cxsknptj3dx0k7s2501vcnt80000gn/T/fm-control-relaunch.yyDIeM/linked-home-8176/home/state/rl42.git-hooks/pre-auto-gc: Permission denied
rm: /private/var/folders/w8/cxsknptj3dx0k7s2501vcnt80000gn/T/fm-control-relaunch.yyDIeM/linked-home-8176/home/state/rl42.git-hooks/pre-merge-commit: Permission denied
rm: /private/var/folders/w8/cxsknptj3dx0k7s2501vcnt80000gn/T/fm-control-relaunch.yyDIeM/linked-home-8176/home/state/rl42.git-hooks/post-commit: Permission denied
rm: /private/var/folders/w8/cxsknptj3dx0k7s2501vcnt80000gn/T/fm-control-relaunch.yyDIeM/linked-home-8176/home/state/rl42.git-hooks/sendemail-validate: Permission denied
rm: /private/var/folders/w8/cxsknptj3dx0k7s2501vcnt80000gn/T/fm-control-relaunch.yyDIeM/linked-home-8176/home/state/rl42.git-hooks/applypatch-msg: Permission denied
rm: /private/var/folders/w8/cxsknptj3dx0k7s2501vcnt80000gn/T/fm-control-relaunch.yyDIeM/linked-home-8176/home/state/rl42.git-hooks/prepare-commit-msg: Permission denied
rm: /private/var/folders/w8/cxsknptj3dx0k7s2501vcnt80000gn/T/fm-control-relaunch.yyDIeM/linked-home-8176/home/state/rl42.git-hooks/post-checkout: Permission denied
rm: /private/var/folders/w8/cxsknptj3dx0k7s2501vcnt80000gn/T/fm-control-relaunch.yyDIeM/linked-home-8176/home/state/rl42.git-hooks/post-applypatch: Permission denied
rm: /private/var/folders/w8/cxsknptj3dx0k7s2501vcnt80000gn/T/fm-control-relaunch.yyDIeM/linked-home-8176/home/state/rl42.git-hooks/post-rewrite: Permission denied
rm: /private/var/folders/w8/cxsknptj3dx0k7s2501vcnt80000gn/T/fm-control-relaunch.yyDIeM/linked-home-8176/home/state/rl42.git-hooks/commit-msg: Permission denied
rm: /private/var/folders/w8/cxsknptj3dx0k7s2501vcnt80000gn/T/fm-control-relaunch.yyDIeM/linked-home-8176/home/state/rl42.git-hooks/pre-push: Permission denied
rm: /private/var/folders/w8/cxsknptj3dx0k7s2501vcnt80000gn/T/fm-control-relaunch.yyDIeM/linked-home-8176/home/state/rl42.git-hooks/post-merge: Permission denied
rm: /private/var/folders/w8/cxsknptj3dx0k7s2501vcnt80000gn/T/fm-control-relaunch.yyDIeM/linked-home-8176/home/state/rl42.git-hooks/pre-commit: Permission denied
rm: /private/var/folders/w8/cxsknptj3dx0k7s2501vcnt80000gn/T/fm-control-relaunch.yyDIeM/linked-home-8176/home/state/rl42.git-hooks: Directory not empty
rm: /private/var/folders/w8/cxsknptj3dx0k7s2501vcnt80000gn/T/fm-control-relaunch.yyDIeM/linked-home-8176/home/state: Directory not empty
rm: /private/var/folders/w8/cxsknptj3dx0k7s2501vcnt80000gn/T/fm-control-relaunch.yyDIeM/linked-home-8176/home: Directory not empty
rm: /private/var/folders/w8/cxsknptj3dx0k7s2501vcnt80000gn/T/fm-control-relaunch.yyDIeM/linked-home-8176: Directory not empty
rm: /private/var/folders/w8/cxsknptj3dx0k7s2501vcnt80000gn/T/fm-control-relaunch.yyDIeM/smexplicit-25523/home/state/sm4.git-hooks/pre-rebase: Permission denied
rm: /private/var/folders/w8/cxsknptj3dx0k7s2501vcnt80000gn/T/fm-control-relaunch.yyDIeM/smexplicit-25523/home/state/sm4.git-hooks/pre-applypatch: Permission denied
rm: /private/var/folders/w8/cxsknptj3dx0k7s2501vcnt80000gn/T/fm-control-relaunch.yyDIeM/smexplicit-25523/home/state/sm4.git-hooks/pre-auto-gc: Permission denied
rm: /private/var/folders/w8/cxsknptj3dx0k7s2501vcnt80000gn/T/fm-control-relaunch.yyDIeM/smexplicit-25523/home/state/sm4.git-hooks/pre-merge-commit: Permission denied
rm: /private/var/folders/w8/cxsknptj3dx0k7s2501vcnt80000gn/T/fm-control-relaunch.yyDIeM/smexplicit-25523/home/state/sm4.git-hooks/post-commit: Permission denied
rm: /private/var/folders/w8/cxsknptj3dx0k7s2501vcnt80000gn/T/fm-control-relaunch.yyDIeM/smexplicit-25523/home/state/sm4.git-hooks/sendemail-validate: Permission denied
rm: /private/var/folders/w8/cxsknptj3dx0k7s2501vcnt80000gn/T/fm-control-relaunch.yyDIeM/smexplicit-25523/home/state/sm4.git-hooks/applypatch-msg: Permission denied
rm: /private/var/folders/w8/cxsknptj3dx0k7s2501vcnt80000gn/T/fm-control-relaunch.yyDIeM/smexplicit-25523/home/state/sm4.git-hooks/prepare-commit-msg: Permission denied
rm: /private/var/folders/w8/cxsknptj3dx0k7s2501vcnt80000gn/T/fm-control-relaunch.yyDIeM/smexplicit-25523/home/state/sm4.git-hooks/post-checkout: Permission denied
rm: /private/var/folders/w8/cxsknptj3dx0k7s2501vcnt80000gn/T/fm-control-relaunch.yyDIeM/smexplicit-25523/home/state/sm4.git-hooks/post-applypatch: Permission denied
rm: /private/var/folders/w8/cxsknptj3dx0k7s2501vcnt80000gn/T/fm-control-relaunch.yyDIeM/smexplicit-25523/home/state/sm4.git-hooks/post-rewrite: Permission denied
rm: /private/var/folders/w8/cxsknptj3dx0k7s2501vcnt80000gn/T/fm-control-relaunch.yyDIeM/smexplicit-25523/home/state/sm4.git-hooks/commit-msg: Permission denied
rm: /private/var/folders/w8/cxsknptj3dx0k7s2501vcnt80000gn/T/fm-control-relaunch.yyDIeM/smexplicit-25523/home/state/sm4.git-hooks/pre-push: Permission denied
rm: /private/var/folders/w8/cxsknptj3dx0k7s2501vcnt80000gn/T/fm-control-relaunch.yyDIeM/smexplicit-25523/home/state/sm4.git-hooks/post-merge: Permission denied
rm: /private/var/folders/w8/cxsknptj3dx0k7s2501vcnt80000gn/T/fm-control-relaunch.yyDIeM/smexplicit-25523/home/state/sm4.git-hooks/pre-commit: Permission denied
rm: /private/var/folders/w8/cxsknptj3dx0k7s2501vcnt80000gn/T/fm-control-relaunch.yyDIeM/smexplicit-25523/home/state/sm4.git-hooks: Directory not empty
rm: /private/var/folders/w8/cxsknptj3dx0k7s2501vcnt80000gn/T/fm-control-relaunch.yyDIeM/smexplicit-25523/home/state: Directory not empty
rm: /private/var/folders/w8/cxsknptj3dx0k7s2501vcnt80000gn/T/fm-control-relaunch.yyDIeM/smexplicit-25523/home: Directory not empty
rm: /private/var/folders/w8/cxsknptj3dx0k7s2501vcnt80000gn/T/fm-control-relaunch.yyDIeM/smexplicit-25523: Directory not empty
rm: /private/var/folders/w8/cxsknptj3dx0k7s2501vcnt80000gn/T/fm-control-relaunch.yyDIeM/metadata-race-28739/home/state/rl28.git-hooks/pre-rebase: Permission denied
rm: /private/var/folders/w8/cxsknptj3dx0k7s2501vcnt80000gn/T/fm-control-relaunch.yyDIeM/metadata-race-28739/home/state/rl28.git-hooks/pre-applypatch: Permission denied
rm: /private/var/folders/w8/cxsknptj3dx0k7s2501vcnt80000gn/T/fm-control-relaunch.yyDIeM/metadata-race-28739/home/state/rl28.git-hooks/pre-auto-gc: Permission denied
rm: /private/var/folders/w8/cxsknptj3dx0k7s2501vcnt80000gn/T/fm-control-relaunch.yyDIeM/metadata-race-28739/home/state/rl28.git-hooks/pre-merge-commit: Permission denied
rm: /private/var/folders/w8/cxsknptj3dx0k7s2501vcnt80000gn/T/fm-control-relaunch.yyDIeM/metadata-race-28739/home/state/rl28.git-hooks/post-commit: Permission denied
rm: /private/var/folders/w8/cxsknptj3dx0k7s2501vcnt80000gn/T/fm-control-relaunch.yyDIeM/metadata-race-28739/home/state/rl28.git-hooks/sendemail-validate: Permission denied
rm: /private/var/folders/w8/cxsknptj3dx0k7s2501vcnt80000gn/T/fm-control-relaunch.yyDIeM/metadata-race-28739/home/state/rl28.git-hooks/applypatch-msg: Permission denied
rm: /private/var/folders/w8/cxsknptj3dx0k7s2501vcnt80000gn/T/fm-control-relaunch.yyDIeM/metadata-race-28739/home/state/rl28.git-hooks/prepare-commit-msg: Permission denied
rm: /private/var/folders/w8/cxsknptj3dx0k7s2501vcnt80000gn/T/fm-control-relaunch.yyDIeM/metadata-race-28739/home/state/rl28.git-hooks/post-checkout: Permission denied
rm: /private/var/folders/w8/cxsknptj3dx0k7s2501vcnt80000gn/T/fm-control-relaunch.yyDIeM/metadata-race-28739/home/state/rl28.git-hooks/post-applypatch: Permission denied
rm: /private/var/folders/w8/cxsknptj3dx0k7s2501vcnt80000gn/T/fm-control-relaunch.yyDIeM/metadata-race-28739/home/state/rl28.git-hooks/post-rewrite: Permission denied
rm: /private/var/folders/w8/cxsknptj3dx0k7s2501vcnt80000gn/T/fm-control-relaunch.yyDIeM/metadata-race-28739/home/state/rl28.git-hooks/commit-msg: Permission denied
rm: /private/var/folders/w8/cxsknptj3dx0k7s2501vcnt80000gn/T/fm-control-relaunch.yyDIeM/metadata-race-28739/home/state/rl28.git-hooks/pre-push: Permission denied
rm: /private/var/folders/w8/cxsknptj3dx0k7s2501vcnt80000gn/T/fm-control-relaunch.yyDIeM/metadata-race-28739/home/state/rl28.git-hooks/post-merge: Permission denied
rm: /private/var/folders/w8/cxsknptj3dx0k7s2501vcnt80000gn/T/fm-control-relaunch.yyDIeM/metadata-race-28739/home/state/rl28.git-hooks/pre-commit: Permission denied
rm: /private/var/folders/w8/cxsknptj3dx0k7s2501vcnt80000gn/T/fm-control-relaunch.yyDIeM/metadata-race-28739/home/state/rl28.git-hooks: Directory not empty
rm: /private/var/folders/w8/cxsknptj3dx0k7s2501vcnt80000gn/T/fm-control-relaunch.yyDIeM/metadata-race-28739/home/state: Directory not empty
rm: /private/var/folders/w8/cxsknptj3dx0k7s2501vcnt80000gn/T/fm-control-relaunch.yyDIeM/metadata-race-28739/home: Directory not empty
rm: /private/var/folders/w8/cxsknptj3dx0k7s2501vcnt80000gn/T/fm-control-relaunch.yyDIeM/metadata-race-28739: Directory not empty
rm: /private/var/folders/w8/cxsknptj3dx0k7s2501vcnt80000gn/T/fm-control-relaunch.yyDIeM/published-30485/home/state/rl24.git-hooks/pre-rebase: Permission denied
rm: /private/var/folders/w8/cxsknptj3dx0k7s2501vcnt80000gn/T/fm-control-relaunch.yyDIeM/published-30485/home/state/rl24.git-hooks/pre-applypatch: Permission denied
rm: /private/var/folders/w8/cxsknptj3dx0k7s2501vcnt80000gn/T/fm-control-relaunch.yyDIeM/published-30485/home/state/rl24.git-hooks/pre-auto-gc: Permission denied
rm: /private/var/folders/w8/cxsknptj3dx0k7s2501vcnt80000gn/T/fm-control-relaunch.yyDIeM/published-30485/home/state/rl24.git-hooks/pre-merge-commit: Permission denied
rm: /private/var/folders/w8/cxsknptj3dx0k7s2501vcnt80000gn/T/fm-control-relaunch.yyDIeM/published-30485/home/state/rl24.git-hooks/post-commit: Permission denied
rm: /private/var/folders/w8/cxsknptj3dx0k7s2501vcnt80000gn/T/fm-control-relaunch.yyDIeM/published-30485/home/state/rl24.git-hooks/sendemail-validate: Permission denied
rm: /private/var/folders/w8/cxsknptj3dx0k7s2501vcnt80000gn/T/fm-control-relaunch.yyDIeM/published-30485/home/state/rl24.git-hooks/applypatch-msg: Permission denied
rm: /private/var/folders/w8/cxsknptj3dx0k7s2501vcnt80000gn/T/fm-control-relaunch.yyDIeM/published-30485/home/state/rl24.git-hooks/prepare-commit-msg: Permission denied
rm: /private/var/folders/w8/cxsknptj3dx0k7s2501vcnt80000gn/T/fm-control-relaunch.yyDIeM/published-30485/home/state/rl24.git-hooks/post-checkout: Permission denied
rm: /private/var/folders/w8/cxsknptj3dx0k7s2501vcnt80000gn/T/fm-control-relaunch.yyDIeM/published-30485/home/state/rl24.git-hooks/post-applypatch: Permission denied
rm: /private/var/folders/w8/cxsknptj3dx0k7s2501vcnt80000gn/T/fm-control-relaunch.yyDIeM/published-30485/home/state/rl24.git-hooks/post-rewrite: Permission denied
rm: /private/var/folders/w8/cxsknptj3dx0k7s2501vcnt80000gn/T/fm-control-relaunch.yyDIeM/published-30485/home/state/rl24.git-hooks/commit-msg: Permission denied
rm: /private/var/folders/w8/cxsknptj3dx0k7s2501vcnt80000gn/T/fm-control-relaunch.yyDIeM/published-30485/home/state/rl24.git-hooks/pre-push: Permission denied
rm: /private/var/folders/w8/cxsknptj3dx0k7s2501vcnt80000gn/T/fm-control-relaunch.yyDIeM/published-30485/home/state/rl24.git-hooks/post-merge: Permission denied
rm: /private/var/folders/w8/cxsknptj3dx0k7s2501vcnt80000gn/T/fm-control-relaunch.yyDIeM/published-30485/home/state/rl24.git-hooks/pre-commit: Permission denied
rm: /private/var/folders/w8/cxsknptj3dx0k7s2501vcnt80000gn/T/fm-control-relaunch.yyDIeM/published-30485/home/state/rl24.git-hooks: Directory not empty
rm: /private/var/folders/w8/cxsknptj3dx0k7s2501vcnt80000gn/T/fm-control-relaunch.yyDIeM/published-30485/home/state: Directory not empty
rm: /private/var/folders/w8/cxsknptj3dx0k7s2501vcnt80000gn/T/fm-control-relaunch.yyDIeM/published-30485/home: Directory not empty
rm: /private/var/folders/w8/cxsknptj3dx0k7s2501vcnt80000gn/T/fm-control-relaunch.yyDIeM/published-30485: Directory not empty
rm: /private/var/folders/w8/cxsknptj3dx0k7s2501vcnt80000gn/T/fm-control-relaunch.yyDIeM/completejournal-16798/home/state/rl27.git-hooks/pre-rebase: Permission denied
rm: /private/var/folders/w8/cxsknptj3dx0k7s2501vcnt80000gn/T/fm-control-relaunch.yyDIeM/completejournal-16798/home/state/rl27.git-hooks/pre-applypatch: Permission denied
rm: /private/var/folders/w8/cxsknptj3dx0k7s2501vcnt80000gn/T/fm-control-relaunch.yyDIeM/completejournal-16798/home/state/rl27.git-hooks/pre-auto-gc: Permission denied
rm: /private/var/folders/w8/cxsknptj3dx0k7s2501vcnt80000gn/T/fm-control-relaunch.yyDIeM/completejournal-16798/home/state/rl27.git-hooks/pre-merge-commit: Permission denied
rm: /private/var/folders/w8/cxsknptj3dx0k7s2501vcnt80000gn/T/fm-control-relaunch.yyDIeM/completejournal-16798/home/state/rl27.git-hooks/post-commit: Permission denied
rm: /private/var/folders/w8/cxsknptj3dx0k7s2501vcnt80000gn/T/fm-control-relaunch.yyDIeM/completejournal-16798/home/state/rl27.git-hooks/sendemail-validate: Permission denied
rm: /private/var/folders/w8/cxsknptj3dx0k7s2501vcnt80000gn/T/fm-control-relaunch.yyDIeM/completejournal-16798/home/state/rl27.git-hooks/applypatch-msg: Permission denied
rm: /private/var/folders/w8/cxsknptj3dx0k7s2501vcnt80000gn/T/fm-control-relaunch.yyDIeM/completejournal-16798/home/state/rl27.git-hooks/prepare-commit-msg: Permission denied
rm: /private/var/folders/w8/cxsknptj3dx0k7s2501vcnt80000gn/T/fm-control-relaunch.yyDIeM/completejournal-16798/home/state/rl27.git-hooks/post-checkout: Permission denied
rm: /private/var/folders/w8/cxsknptj3dx0k7s2501vcnt80000gn/T/fm-control-relaunch.yyDIeM/completejournal-16798/home/state/rl27.git-hooks/post-applypatch: Permission denied
rm: /private/var/folders/w8/cxsknptj3dx0k7s2501vcnt80000gn/T/fm-control-relaunch.yyDIeM/completejournal-16798/home/state/rl27.git-hooks/post-rewrite: Permission denied
rm: /private/var/folders/w8/cxsknptj3dx0k7s2501vcnt80000gn/T/fm-control-relaunch.yyDIeM/completejournal-16798/home/state/rl27.git-hooks/commit-msg: Permission denied
rm: /private/var/folders/w8/cxsknptj3dx0k7s2501vcnt80000gn/T/fm-control-relaunch.yyDIeM/completejournal-16798/home/state/rl27.git-hooks/pre-push: Permission denied
rm: /private/var/folders/w8/cxsknptj3dx0k7s2501vcnt80000gn/T/fm-control-relaunch.yyDIeM/completejournal-16798/home/state/rl27.git-hooks/post-merge: Permission denied
rm: /private/var/folders/w8/cxsknptj3dx0k7s2501vcnt80000gn/T/fm-control-relaunch.yyDIeM/completejournal-16798/home/state/rl27.git-hooks/pre-commit: Permission denied
rm: /private/var/folders/w8/cxsknptj3dx0k7s2501vcnt80000gn/T/fm-control-relaunch.yyDIeM/completejournal-16798/home/state/rl27.git-hooks: Directory not empty
rm: /private/var/folders/w8/cxsknptj3dx0k7s2501vcnt80000gn/T/fm-control-relaunch.yyDIeM/completejournal-16798/home/state: Directory not empty
rm: /private/var/folders/w8/cxsknptj3dx0k7s2501vcnt80000gn/T/fm-control-relaunch.yyDIeM/completejournal-16798/home: Directory not empty
rm: /private/var/folders/w8/cxsknptj3dx0k7s2501vcnt80000gn/T/fm-control-relaunch.yyDIeM/completejournal-16798: Directory not empty
rm: /private/var/folders/w8/cxsknptj3dx0k7s2501vcnt80000gn/T/fm-control-relaunch.yyDIeM/profile-20171/home/state/rl5.git-hooks/pre-rebase: Permission denied
rm: /private/var/folders/w8/cxsknptj3dx0k7s2501vcnt80000gn/T/fm-control-relaunch.yyDIeM/profile-20171/home/state/rl5.git-hooks/pre-applypatch: Permission denied
rm: /private/var/folders/w8/cxsknptj3dx0k7s2501vcnt80000gn/T/fm-control-relaunch.yyDIeM/profile-20171/home/state/rl5.git-hooks/pre-auto-gc: Permission denied
rm: /private/var/folders/w8/cxsknptj3dx0k7s2501vcnt80000gn/T/fm-control-relaunch.yyDIeM/profile-20171/home/state/rl5.git-hooks/pre-merge-commit: Permission denied
rm: /private/var/folders/w8/cxsknptj3dx0k7s2501vcnt80000gn/T/fm-control-relaunch.yyDIeM/profile-20171/home/state/rl5.git-hooks/post-commit: Permission denied
rm: /private/var/folders/w8/cxsknptj3dx0k7s2501vcnt80000gn/T/fm-control-relaunch.yyDIeM/profile-20171/home/state/rl5.git-hooks/sendemail-validate: Permission denied
rm: /private/var/folders/w8/cxsknptj3dx0k7s2501vcnt80000gn/T/fm-control-relaunch.yyDIeM/profile-20171/home/state/rl5.git-hooks/applypatch-msg: Permission denied
rm: /private/var/folders/w8/cxsknptj3dx0k7s2501vcnt80000gn/T/fm-control-relaunch.yyDIeM/profile-20171/home/state/rl5.git-hooks/prepare-commit-msg: Permission denied
rm: /private/var/folders/w8/cxsknptj3dx0k7s2501vcnt80000gn/T/fm-control-relaunch.yyDIeM/profile-20171/home/state/rl5.git-hooks/post-checkout: Permission denied
rm: /private/var/folders/w8/cxsknptj3dx0k7s2501vcnt80000gn/T/fm-control-relaunch.yyDIeM/profile-20171/home/state/rl5.git-hooks/post-applypatch: Permission denied
rm: /private/var/folders/w8/cxsknptj3dx0k7s2501vcnt80000gn/T/fm-control-relaunch.yyDIeM/profile-20171/home/state/rl5.git-hooks/post-rewrite: Permission denied
rm: /private/var/folders/w8/cxsknptj3dx0k7s2501vcnt80000gn/T/fm-control-relaunch.yyDIeM/profile-20171/home/state/rl5.git-hooks/commit-msg: Permission denied
rm: /private/var/folders/w8/cxsknptj3dx0k7s2501vcnt80000gn/T/fm-control-relaunch.yyDIeM/profile-20171/home/state/rl5.git-hooks/pre-push: Permission denied
rm: /private/var/folders/w8/cxsknptj3dx0k7s2501vcnt80000gn/T/fm-control-relaunch.yyDIeM/profile-20171/home/state/rl5.git-hooks/post-merge: Permission denied
rm: /private/var/folders/w8/cxsknptj3dx0k7s2501vcnt80000gn/T/fm-control-relaunch.yyDIeM/profile-20171/home/state/rl5.git-hooks/pre-commit: Permission denied
rm: /private/var/folders/w8/cxsknptj3dx0k7s2501vcnt80000gn/T/fm-control-relaunch.yyDIeM/profile-20171/home/state/rl5.git-hooks: Directory not empty
rm: /private/var/folders/w8/cxsknptj3dx0k7s2501vcnt80000gn/T/fm-control-relaunch.yyDIeM/profile-20171/home/state: Directory not empty
rm: /private/var/folders/w8/cxsknptj3dx0k7s2501vcnt80000gn/T/fm-control-relaunch.yyDIeM/profile-20171/home: Directory not empty
rm: /private/var/folders/w8/cxsknptj3dx0k7s2501vcnt80000gn/T/fm-control-relaunch.yyDIeM/profile-20171: Directory not empty
rm: /private/var/folders/w8/cxsknptj3dx0k7s2501vcnt80000gn/T/fm-control-relaunch.yyDIeM/smpin-10132/home/state/sm3.git-hooks/pre-rebase: Permission denied
rm: /private/var/folders/w8/cxsknptj3dx0k7s2501vcnt80000gn/T/fm-control-relaunch.yyDIeM/smpin-10132/home/state/sm3.git-hooks/pre-applypatch: Permission denied
rm: /private/var/folders/w8/cxsknptj3dx0k7s2501vcnt80000gn/T/fm-control-relaunch.yyDIeM/smpin-10132/home/state/sm3.git-hooks/pre-auto-gc: Permission denied
rm: /private/var/folders/w8/cxsknptj3dx0k7s2501vcnt80000gn/T/fm-control-relaunch.yyDIeM/smpin-10132/home/state/sm3.git-hooks/pre-merge-commit: Permission denied
rm: /private/var/folders/w8/cxsknptj3dx0k7s2501vcnt80000gn/T/fm-control-relaunch.yyDIeM/smpin-10132/home/state/sm3.git-hooks/post-commit: Permission denied
rm: /private/var/folders/w8/cxsknptj3dx0k7s2501vcnt80000gn/T/fm-control-relaunch.yyDIeM/smpin-10132/home/state/sm3.git-hooks/sendemail-validate: Permission denied
rm: /private/var/folders/w8/cxsknptj3dx0k7s2501vcnt80000gn/T/fm-control-relaunch.yyDIeM/smpin-10132/home/state/sm3.git-hooks/applypatch-msg: Permission denied
rm: /private/var/folders/w8/cxsknptj3dx0k7s2501vcnt80000gn/T/fm-control-relaunch.yyDIeM/smpin-10132/home/state/sm3.git-hooks/prepare-commit-msg: Permission denied
rm: /private/var/folders/w8/cxsknptj3dx0k7s2501vcnt80000gn/T/fm-control-relaunch.yyDIeM/smpin-10132/home/state/sm3.git-hooks/post-checkout: Permission denied
rm: /private/var/folders/w8/cxsknptj3dx0k7s2501vcnt80000gn/T/fm-control-relaunch.yyDIeM/smpin-10132/home/state/sm3.git-hooks/post-applypatch: Permission denied
rm: /private/var/folders/w8/cxsknptj3dx0k7s2501vcnt80000gn/T/fm-control-relaunch.yyDIeM/smpin-10132/home/state/sm3.git-hooks/post-rewrite: Permission denied
rm: /private/var/folders/w8/cxsknptj3dx0k7s2501vcnt80000gn/T/fm-control-relaunch.yyDIeM/smpin-10132/home/state/sm3.git-hooks/commit-msg: Permission denied
rm: /private/var/folders/w8/cxsknptj3dx0k7s2501vcnt80000gn/T/fm-control-relaunch.yyDIeM/smpin-10132/home/state/sm3.git-hooks/pre-push: Permission denied
rm: /private/var/folders/w8/cxsknptj3dx0k7s2501vcnt80000gn/T/fm-control-relaunch.yyDIeM/smpin-10132/home/state/sm3.git-hooks/post-merge: Permission denied
rm: /private/var/folders/w8/cxsknptj3dx0k7s2501vcnt80000gn/T/fm-control-relaunch.yyDIeM/smpin-10132/home/state/sm3.git-hooks/pre-commit: Permission denied
rm: /private/var/folders/w8/cxsknptj3dx0k7s2501vcnt80000gn/T/fm-control-relaunch.yyDIeM/smpin-10132/home/state/sm3.git-hooks: Directory not empty
rm: /private/var/folders/w8/cxsknptj3dx0k7s2501vcnt80000gn/T/fm-control-relaunch.yyDIeM/smpin-10132/home/state: Directory not empty
rm: /private/var/folders/w8/cxsknptj3dx0k7s2501vcnt80000gn/T/fm-control-relaunch.yyDIeM/smpin-10132/home: Directory not empty
rm: /private/var/folders/w8/cxsknptj3dx0k7s2501vcnt80000gn/T/fm-control-relaunch.yyDIeM/smpin-10132: Directory not empty
rm: /private/var/folders/w8/cxsknptj3dx0k7s2501vcnt80000gn/T/fm-control-relaunch.yyDIeM/prefixwiring-8411/home/state/rl30.git-hooks/pre-rebase: Permission denied
rm: /private/var/folders/w8/cxsknptj3dx0k7s2501vcnt80000gn/T/fm-control-relaunch.yyDIeM/prefixwiring-8411/home/state/rl30.git-hooks/pre-applypatch: Permission denied
rm: /private/var/folders/w8/cxsknptj3dx0k7s2501vcnt80000gn/T/fm-control-relaunch.yyDIeM/prefixwiring-8411/home/state/rl30.git-hooks/pre-auto-gc: Permission denied
rm: /private/var/folders/w8/cxsknptj3dx0k7s2501vcnt80000gn/T/fm-control-relaunch.yyDIeM/prefixwiring-8411/home/state/rl30.git-hooks/pre-merge-commit: Permission denied
rm: /private/var/folders/w8/cxsknptj3dx0k7s2501vcnt80000gn/T/fm-control-relaunch.yyDIeM/prefixwiring-8411/home/state/rl30.git-hooks/post-commit: Permission denied
rm: /private/var/folders/w8/cxsknptj3dx0k7s2501vcnt80000gn/T/fm-control-relaunch.yyDIeM/prefixwiring-8411/home/state/rl30.git-hooks/sendemail-validate: Permission denied
rm: /private/var/folders/w8/cxsknptj3dx0k7s2501vcnt80000gn/T/fm-control-relaunch.yyDIeM/prefixwiring-8411/home/state/rl30.git-hooks/applypatch-msg: Permission denied
rm: /private/var/folders/w8/cxsknptj3dx0k7s2501vcnt80000gn/T/fm-control-relaunch.yyDIeM/prefixwiring-8411/home/state/rl30.git-hooks/prepare-commit-msg: Permission denied
rm: /private/var/folders/w8/cxsknptj3dx0k7s2501vcnt80000gn/T/fm-control-relaunch.yyDIeM/prefixwiring-8411/home/state/rl30.git-hooks/post-checkout: Permission denied
rm: /private/var/folders/w8/cxsknptj3dx0k7s2501vcnt80000gn/T/fm-control-relaunch.yyDIeM/prefixwiring-8411/home/state/rl30.git-hooks/post-applypatch: Permission denied
rm: /private/var/folders/w8/cxsknptj3dx0k7s2501vcnt80000gn/T/fm-control-relaunch.yyDIeM/prefixwiring-8411/home/state/rl30.git-hooks/post-rewrite: Permission denied
rm: /private/var/folders/w8/cxsknptj3dx0k7s2501vcnt80000gn/T/fm-control-relaunch.yyDIeM/prefixwiring-8411/home/state/rl30.git-hooks/commit-msg: Permission denied
rm: /private/var/folders/w8/cxsknptj3dx0k7s2501vcnt80000gn/T/fm-control-relaunch.yyDIeM/prefixwiring-8411/home/state/rl30.git-hooks/pre-push: Permission denied
rm: /private/var/folders/w8/cxsknptj3dx0k7s2501vcnt80000gn/T/fm-control-relaunch.yyDIeM/prefixwiring-8411/home/state/rl30.git-hooks/post-merge: Permission denied
rm: /private/var/folders/w8/cxsknptj3dx0k7s2501vcnt80000gn/T/fm-control-relaunch.yyDIeM/prefixwiring-8411/home/state/rl30.git-hooks/pre-commit: Permission denied
rm: /private/var/folders/w8/cxsknptj3dx0k7s2501vcnt80000gn/T/fm-control-relaunch.yyDIeM/prefixwiring-8411/home/state/rl30.git-hooks: Directory not empty
rm: /private/var/folders/w8/cxsknptj3dx0k7s2501vcnt80000gn/T/fm-control-relaunch.yyDIeM/prefixwiring-8411/home/state: Directory not empty
rm: /private/var/folders/w8/cxsknptj3dx0k7s2501vcnt80000gn/T/fm-control-relaunch.yyDIeM/prefixwiring-8411/home: Directory not empty
rm: /private/var/folders/w8/cxsknptj3dx0k7s2501vcnt80000gn/T/fm-control-relaunch.yyDIeM/prefixwiring-8411: Directory not empty
rm: /private/var/folders/w8/cxsknptj3dx0k7s2501vcnt80000gn/T/fm-control-relaunch.yyDIeM/sm-4696/home/state/sm1.git-hooks/pre-rebase: Permission denied
rm: /private/var/folders/w8/cxsknptj3dx0k7s2501vcnt80000gn/T/fm-control-relaunch.yyDIeM/sm-4696/home/state/sm1.git-hooks/pre-applypatch: Permission denied
rm: /private/var/folders/w8/cxsknptj3dx0k7s2501vcnt80000gn/T/fm-control-relaunch.yyDIeM/sm-4696/home/state/sm1.git-hooks/pre-auto-gc: Permission denied
rm: /private/var/folders/w8/cxsknptj3dx0k7s2501vcnt80000gn/T/fm-control-relaunch.yyDIeM/sm-4696/home/state/sm1.git-hooks/pre-merge-commit: Permission denied
rm: /private/var/folders/w8/cxsknptj3dx0k7s2501vcnt80000gn/T/fm-control-relaunch.yyDIeM/sm-4696/home/state/sm1.git-hooks/post-commit: Permission denied
rm: /private/var/folders/w8/cxsknptj3dx0k7s2501vcnt80000gn/T/fm-control-relaunch.yyDIeM/sm-4696/home/state/sm1.git-hooks/sendemail-validate: Permission denied
rm: /private/var/folders/w8/cxsknptj3dx0k7s2501vcnt80000gn/T/fm-control-relaunch.yyDIeM/sm-4696/home/state/sm1.git-hooks/applypatch-msg: Permission denied
rm: /private/var/folders/w8/cxsknptj3dx0k7s2501vcnt80000gn/T/fm-control-relaunch.yyDIeM/sm-4696/home/state/sm1.git-hooks/prepare-commit-msg: Permission denied
rm: /private/var/folders/w8/cxsknptj3dx0k7s2501vcnt80000gn/T/fm-control-relaunch.yyDIeM/sm-4696/home/state/sm1.git-hooks/post-checkout: Permission denied
rm: /private/var/folders/w8/cxsknptj3dx0k7s2501vcnt80000gn/T/fm-control-relaunch.yyDIeM/sm-4696/home/state/sm1.git-hooks/post-applypatch: Permission denied
rm: /private/var/folders/w8/cxsknptj3dx0k7s2501vcnt80000gn/T/fm-control-relaunch.yyDIeM/sm-4696/home/state/sm1.git-hooks/post-rewrite: Permission denied
rm: /private/var/folders/w8/cxsknptj3dx0k7s2501vcnt80000gn/T/fm-control-relaunch.yyDIeM/sm-4696/home/state/sm1.git-hooks/commit-msg: Permission denied
rm: /private/var/folders/w8/cxsknptj3dx0k7s2501vcnt80000gn/T/fm-control-relaunch.yyDIeM/sm-4696/home/state/sm1.git-hooks/pre-push: Permission denied
rm: /private/var/folders/w8/cxsknptj3dx0k7s2501vcnt80000gn/T/fm-control-relaunch.yyDIeM/sm-4696/home/state/sm1.git-hooks/post-merge: Permission denied
rm: /private/var/folders/w8/cxsknptj3dx0k7s2501vcnt80000gn/T/fm-control-relaunch.yyDIeM/sm-4696/home/state/sm1.git-hooks/pre-commit: Permission denied
rm: /private/var/folders/w8/cxsknptj3dx0k7s2501vcnt80000gn/T/fm-control-relaunch.yyDIeM/sm-4696/home/state/sm1.git-hooks: Directory not empty
rm: /private/var/folders/w8/cxsknptj3dx0k7s2501vcnt80000gn/T/fm-control-relaunch.yyDIeM/sm-4696/home/state: Directory not empty
rm: /private/var/folders/w8/cxsknptj3dx0k7s2501vcnt80000gn/T/fm-control-relaunch.yyDIeM/sm-4696/home: Directory not empty
rm: /private/var/folders/w8/cxsknptj3dx0k7s2501vcnt80000gn/T/fm-control-relaunch.yyDIeM/sm-4696: Directory not empty
rm: /private/var/folders/w8/cxsknptj3dx0k7s2501vcnt80000gn/T/fm-control-relaunch.yyDIeM/invalid-effort-30689/home/state/sm6.git-hooks/pre-rebase: Permission denied
rm: /private/var/folders/w8/cxsknptj3dx0k7s2501vcnt80000gn/T/fm-control-relaunch.yyDIeM/invalid-effort-30689/home/state/sm6.git-hooks/pre-applypatch: Permission denied
rm: /private/var/folders/w8/cxsknptj3dx0k7s2501vcnt80000gn/T/fm-control-relaunch.yyDIeM/invalid-effort-30689/home/state/sm6.git-hooks/pre-auto-gc: Permission denied
rm: /private/var/folders/w8/cxsknptj3dx0k7s2501vcnt80000gn/T/fm-control-relaunch.yyDIeM/invalid-effort-30689/home/state/sm6.git-hooks/pre-merge-commit: Permission denied
rm: /private/var/folders/w8/cxsknptj3dx0k7s2501vcnt80000gn/T/fm-control-relaunch.yyDIeM/invalid-effort-30689/home/state/sm6.git-hooks/post-commit: Permission denied
rm: /private/var/folders/w8/cxsknptj3dx0k7s2501vcnt80000gn/T/fm-control-relaunch.yyDIeM/invalid-effort-30689/home/state/sm6.git-hooks/sendemail-validate: Permission denied
rm: /private/var/folders/w8/cxsknptj3dx0k7s2501vcnt80000gn/T/fm-control-relaunch.yyDIeM/invalid-effort-30689/home/state/sm6.git-hooks/applypatch-msg: Permission denied
rm: /private/var/folders/w8/cxsknptj3dx0k7s2501vcnt80000gn/T/fm-control-relaunch.yyDIeM/invalid-effort-30689/home/state/sm6.git-hooks/prepare-commit-msg: Permission denied
rm: /private/var/folders/w8/cxsknptj3dx0k7s2501vcnt80000gn/T/fm-control-relaunch.yyDIeM/invalid-effort-30689/home/state/sm6.git-hooks/post-checkout: Permission denied
rm: /private/var/folders/w8/cxsknptj3dx0k7s2501vcnt80000gn/T/fm-control-relaunch.yyDIeM/invalid-effort-30689/home/state/sm6.git-hooks/post-applypatch: Permission denied
rm: /private/var/folders/w8/cxsknptj3dx0k7s2501vcnt80000gn/T/fm-control-relaunch.yyDIeM/invalid-effort-30689/home/state/sm6.git-hooks/post-rewrite: Permission denied
rm: /private/var/folders/w8/cxsknptj3dx0k7s2501vcnt80000gn/T/fm-control-relaunch.yyDIeM/invalid-effort-30689/home/state/sm6.git-hooks/commit-msg: Permission denied
rm: /private/var/folders/w8/cxsknptj3dx0k7s2501vcnt80000gn/T/fm-control-relaunch.yyDIeM/invalid-effort-30689/home/state/sm6.git-hooks/pre-push: Permission denied
rm: /private/var/folders/w8/cxsknptj3dx0k7s2501vcnt80000gn/T/fm-control-relaunch.yyDIeM/invalid-effort-30689/home/state/sm6.git-hooks/post-merge: Permission denied
rm: /private/var/folders/w8/cxsknptj3dx0k7s2501vcnt80000gn/T/fm-control-relaunch.yyDIeM/invalid-effort-30689/home/state/sm6.git-hooks/pre-commit: Permission denied
rm: /private/var/folders/w8/cxsknptj3dx0k7s2501vcnt80000gn/T/fm-control-relaunch.yyDIeM/invalid-effort-30689/home/state/sm6.git-hooks: Directory not empty
rm: /private/var/folders/w8/cxsknptj3dx0k7s2501vcnt80000gn/T/fm-control-relaunch.yyDIeM/invalid-effort-30689/home/state: Directory not empty
rm: /private/var/folders/w8/cxsknptj3dx0k7s2501vcnt80000gn/T/fm-control-relaunch.yyDIeM/invalid-effort-30689/home: Directory not empty
rm: /private/var/folders/w8/cxsknptj3dx0k7s2501vcnt80000gn/T/fm-control-relaunch.yyDIeM/invalid-effort-30689: Directory not empty
rm: /private/var/folders/w8/cxsknptj3dx0k7s2501vcnt80000gn/T/fm-control-relaunch.yyDIeM/acct-21260/home/state/rl-acct.git-hooks/pre-rebase: Permission denied
rm: /private/var/folders/w8/cxsknptj3dx0k7s2501vcnt80000gn/T/fm-control-relaunch.yyDIeM/acct-21260/home/state/rl-acct.git-hooks/pre-applypatch: Permission denied
rm: /private/var/folders/w8/cxsknptj3dx0k7s2501vcnt80000gn/T/fm-control-relaunch.yyDIeM/acct-21260/home/state/rl-acct.git-hooks/pre-auto-gc: Permission denied
rm: /private/var/folders/w8/cxsknptj3dx0k7s2501vcnt80000gn/T/fm-control-relaunch.yyDIeM/acct-21260/home/state/rl-acct.git-hooks/pre-merge-commit: Permission denied
rm: /private/var/folders/w8/cxsknptj3dx0k7s2501vcnt80000gn/T/fm-control-relaunch.yyDIeM/acct-21260/home/state/rl-acct.git-hooks/post-commit: Permission denied
rm: /private/var/folders/w8/cxsknptj3dx0k7s2501vcnt80000gn/T/fm-control-relaunch.yyDIeM/acct-21260/home/state/rl-acct.git-hooks/sendemail-validate: Permission denied
rm: /private/var/folders/w8/cxsknptj3dx0k7s2501vcnt80000gn/T/fm-control-relaunch.yyDIeM/acct-21260/home/state/rl-acct.git-hooks/applypatch-msg: Permission denied
rm: /private/var/folders/w8/cxsknptj3dx0k7s2501vcnt80000gn/T/fm-control-relaunch.yyDIeM/acct-21260/home/state/rl-acct.git-hooks/prepare-commit-msg: Permission denied
rm: /private/var/folders/w8/cxsknptj3dx0k7s2501vcnt80000gn/T/fm-control-relaunch.yyDIeM/acct-21260/home/state/rl-acct.git-hooks/post-checkout: Permission denied
rm: /private/var/folders/w8/cxsknptj3dx0k7s2501vcnt80000gn/T/fm-control-relaunch.yyDIeM/acct-21260/home/state/rl-acct.git-hooks/post-applypatch: Permission denied
rm: /private/var/folders/w8/cxsknptj3dx0k7s2501vcnt80000gn/T/fm-control-relaunch.yyDIeM/acct-21260/home/state/rl-acct.git-hooks/post-rewrite: Permission denied
rm: /private/var/folders/w8/cxsknptj3dx0k7s2501vcnt80000gn/T/fm-control-relaunch.yyDIeM/acct-21260/home/state/rl-acct.git-hooks/commit-msg: Permission denied
rm: /private/var/folders/w8/cxsknptj3dx0k7s2501vcnt80000gn/T/fm-control-relaunch.yyDIeM/acct-21260/home/state/rl-acct.git-hooks/pre-push: Permission denied
rm: /private/var/folders/w8/cxsknptj3dx0k7s2501vcnt80000gn/T/fm-control-relaunch.yyDIeM/acct-21260/home/state/rl-acct.git-hooks/post-merge: Permission denied
rm: /private/var/folders/w8/cxsknptj3dx0k7s2501vcnt80000gn/T/fm-control-relaunch.yyDIeM/acct-21260/home/state/rl-acct.git-hooks/pre-commit: Permission denied
rm: /private/var/folders/w8/cxsknptj3dx0k7s2501vcnt80000gn/T/fm-control-relaunch.yyDIeM/acct-21260/home/state/rl-acct.git-hooks: Directory not empty
rm: /private/var/folders/w8/cxsknptj3dx0k7s2501vcnt80000gn/T/fm-control-relaunch.yyDIeM/acct-21260/home/state: Directory not empty
rm: /private/var/folders/w8/cxsknptj3dx0k7s2501vcnt80000gn/T/fm-control-relaunch.yyDIeM/acct-21260/home: Directory not empty
rm: /private/var/folders/w8/cxsknptj3dx0k7s2501vcnt80000gn/T/fm-control-relaunch.yyDIeM/acct-21260: Directory not empty
rm: /private/var/folders/w8/cxsknptj3dx0k7s2501vcnt80000gn/T/fm-control-relaunch.yyDIeM/crewcfg-9790/home/state/rl20.git-hooks/pre-rebase: Permission denied
rm: /private/var/folders/w8/cxsknptj3dx0k7s2501vcnt80000gn/T/fm-control-relaunch.yyDIeM/crewcfg-9790/home/state/rl20.git-hooks/pre-applypatch: Permission denied
rm: /private/var/folders/w8/cxsknptj3dx0k7s2501vcnt80000gn/T/fm-control-relaunch.yyDIeM/crewcfg-9790/home/state/rl20.git-hooks/pre-auto-gc: Permission denied
rm: /private/var/folders/w8/cxsknptj3dx0k7s2501vcnt80000gn/T/fm-control-relaunch.yyDIeM/crewcfg-9790/home/state/rl20.git-hooks/pre-merge-commit: Permission denied
rm: /private/var/folders/w8/cxsknptj3dx0k7s2501vcnt80000gn/T/fm-control-relaunch.yyDIeM/crewcfg-9790/home/state/rl20.git-hooks/post-commit: Permission denied
rm: /private/var/folders/w8/cxsknptj3dx0k7s2501vcnt80000gn/T/fm-control-relaunch.yyDIeM/crewcfg-9790/home/state/rl20.git-hooks/sendemail-validate: Permission denied
rm: /private/var/folders/w8/cxsknptj3dx0k7s2501vcnt80000gn/T/fm-control-relaunch.yyDIeM/crewcfg-9790/home/state/rl20.git-hooks/applypatch-msg: Permission denied
rm: /private/var/folders/w8/cxsknptj3dx0k7s2501vcnt80000gn/T/fm-control-relaunch.yyDIeM/crewcfg-9790/home/state/rl20.git-hooks/prepare-commit-msg: Permission denied
rm: /private/var/folders/w8/cxsknptj3dx0k7s2501vcnt80000gn/T/fm-control-relaunch.yyDIeM/crewcfg-9790/home/state/rl20.git-hooks/post-checkout: Permission denied
rm: /private/var/folders/w8/cxsknptj3dx0k7s2501vcnt80000gn/T/fm-control-relaunch.yyDIeM/crewcfg-9790/home/state/rl20.git-hooks/post-applypatch: Permission denied
rm: /private/var/folders/w8/cxsknptj3dx0k7s2501vcnt80000gn/T/fm-control-relaunch.yyDIeM/crewcfg-9790/home/state/rl20.git-hooks/post-rewrite: Permission denied
rm: /private/var/folders/w8/cxsknptj3dx0k7s2501vcnt80000gn/T/fm-control-relaunch.yyDIeM/crewcfg-9790/home/state/rl20.git-hooks/commit-msg: Permission denied
rm: /private/var/folders/w8/cxsknptj3dx0k7s2501vcnt80000gn/T/fm-control-relaunch.yyDIeM/crewcfg-9790/home/state/rl20.git-hooks/pre-push: Permission denied
rm: /private/var/folders/w8/cxsknptj3dx0k7s2501vcnt80000gn/T/fm-control-relaunch.yyDIeM/crewcfg-9790/home/state/rl20.git-hooks/post-merge: Permission denied
rm: /private/var/folders/w8/cxsknptj3dx0k7s2501vcnt80000gn/T/fm-control-relaunch.yyDIeM/crewcfg-9790/home/state/rl20.git-hooks/pre-commit: Permission denied
rm: /private/var/folders/w8/cxsknptj3dx0k7s2501vcnt80000gn/T/fm-control-relaunch.yyDIeM/crewcfg-9790/home/state/rl20.git-hooks: Directory not empty
rm: /private/var/folders/w8/cxsknptj3dx0k7s2501vcnt80000gn/T/fm-control-relaunch.yyDIeM/crewcfg-9790/home/state: Directory not empty
rm: /private/var/folders/w8/cxsknptj3dx0k7s2501vcnt80000gn/T/fm-control-relaunch.yyDIeM/crewcfg-9790/home: Directory not empty
rm: /private/var/folders/w8/cxsknptj3dx0k7s2501vcnt80000gn/T/fm-control-relaunch.yyDIeM/crewcfg-9790: Directory not empty
rm: /private/var/folders/w8/cxsknptj3dx0k7s2501vcnt80000gn/T/fm-control-relaunch.yyDIeM/promoted-scout-local-only-3398/home/state/rl-promoted-local-only.git-hooks/pre-rebase: Permission denied
rm: /private/var/folders/w8/cxsknptj3dx0k7s2501vcnt80000gn/T/fm-control-relaunch.yyDIeM/promoted-scout-local-only-3398/home/state/rl-promoted-local-only.git-hooks/pre-applypatch: Permission denied
rm: /private/var/folders/w8/cxsknptj3dx0k7s2501vcnt80000gn/T/fm-control-relaunch.yyDIeM/promoted-scout-local-only-3398/home/state/rl-promoted-local-only.git-hooks/pre-auto-gc: Permission denied
rm: /private/var/folders/w8/cxsknptj3dx0k7s2501vcnt80000gn/T/fm-control-relaunch.yyDIeM/promoted-scout-local-only-3398/home/state/rl-promoted-local-only.git-hooks/pre-merge-commit: Permission denied
rm: /private/var/folders/w8/cxsknptj3dx0k7s2501vcnt80000gn/T/fm-control-relaunch.yyDIeM/promoted-scout-local-only-3398/home/state/rl-promoted-local-only.git-hooks/post-commit: Permission denied
rm: /private/var/folders/w8/cxsknptj3dx0k7s2501vcnt80000gn/T/fm-control-relaunch.yyDIeM/promoted-scout-local-only-3398/home/state/rl-promoted-local-only.git-hooks/sendemail-validate: Permission denied
rm: /private/var/folders/w8/cxsknptj3dx0k7s2501vcnt80000gn/T/fm-control-relaunch.yyDIeM/promoted-scout-local-only-3398/home/state/rl-promoted-local-only.git-hooks/applypatch-msg: Permission denied
rm: /private/var/folders/w8/cxsknptj3dx0k7s2501vcnt80000gn/T/fm-control-relaunch.yyDIeM/promoted-scout-local-only-3398/home/state/rl-promoted-local-only.git-hooks/prepare-commit-msg: Permission denied
rm: /private/var/folders/w8/cxsknptj3dx0k7s2501vcnt80000gn/T/fm-control-relaunch.yyDIeM/promoted-scout-local-only-3398/home/state/rl-promoted-local-only.git-hooks/post-checkout: Permission denied
rm: /private/var/folders/w8/cxsknptj3dx0k7s2501vcnt80000gn/T/fm-control-relaunch.yyDIeM/promoted-scout-local-only-3398/home/state/rl-promoted-local-only.git-hooks/post-applypatch: Permission denied
rm: /private/var/folders/w8/cxsknptj3dx0k7s2501vcnt80000gn/T/fm-control-relaunch.yyDIeM/promoted-scout-local-only-3398/home/state/rl-promoted-local-only.git-hooks/post-rewrite: Permission denied
rm: /private/var/folders/w8/cxsknptj3dx0k7s2501vcnt80000gn/T/fm-control-relaunch.yyDIeM/promoted-scout-local-only-3398/home/state/rl-promoted-local-only.git-hooks/commit-msg: Permission denied
rm: /private/var/folders/w8/cxsknptj3dx0k7s2501vcnt80000gn/T/fm-control-relaunch.yyDIeM/promoted-scout-local-only-3398/home/state/rl-promoted-local-only.git-hooks/pre-push: Permission denied
rm: /private/var/folders/w8/cxsknptj3dx0k7s2501vcnt80000gn/T/fm-control-relaunch.yyDIeM/promoted-scout-local-only-3398/home/state/rl-promoted-local-only.git-hooks/post-merge: Permission denied
rm: /private/var/folders/w8/cxsknptj3dx0k7s2501vcnt80000gn/T/fm-control-relaunch.yyDIeM/promoted-scout-local-only-3398/home/state/rl-promoted-local-only.git-hooks/pre-commit: Permission denied
rm: /private/var/folders/w8/cxsknptj3dx0k7s2501vcnt80000gn/T/fm-control-relaunch.yyDIeM/promoted-scout-local-only-3398/home/state/rl-promoted-local-only.git-hooks: Directory not empty
rm: /private/var/folders/w8/cxsknptj3dx0k7s2501vcnt80000gn/T/fm-control-relaunch.yyDIeM/promoted-scout-local-only-3398/home/state: Directory not empty
rm: /private/var/folders/w8/cxsknptj3dx0k7s2501vcnt80000gn/T/fm-control-relaunch.yyDIeM/promoted-scout-local-only-3398/home: Directory not empty
rm: /private/var/folders/w8/cxsknptj3dx0k7s2501vcnt80000gn/T/fm-control-relaunch.yyDIeM/promoted-scout-local-only-3398: Directory not empty
rm: /private/var/folders/w8/cxsknptj3dx0k7s2501vcnt80000gn/T/fm-control-relaunch.yyDIeM/trace-off-7850/home/state/rl33.git-hooks/pre-rebase: Permission denied
rm: /private/var/folders/w8/cxsknptj3dx0k7s2501vcnt80000gn/T/fm-control-relaunch.yyDIeM/trace-off-7850/home/state/rl33.git-hooks/pre-applypatch: Permission denied
rm: /private/var/folders/w8/cxsknptj3dx0k7s2501vcnt80000gn/T/fm-control-relaunch.yyDIeM/trace-off-7850/home/state/rl33.git-hooks/pre-auto-gc: Permission denied
rm: /private/var/folders/w8/cxsknptj3dx0k7s2501vcnt80000gn/T/fm-control-relaunch.yyDIeM/trace-off-7850/home/state/rl33.git-hooks/pre-merge-commit: Permission denied
rm: /private/var/folders/w8/cxsknptj3dx0k7s2501vcnt80000gn/T/fm-control-relaunch.yyDIeM/trace-off-7850/home/state/rl33.git-hooks/post-commit: Permission denied
rm: /private/var/folders/w8/cxsknptj3dx0k7s2501vcnt80000gn/T/fm-control-relaunch.yyDIeM/trace-off-7850/home/state/rl33.git-hooks/sendemail-validate: Permission denied
rm: /private/var/folders/w8/cxsknptj3dx0k7s2501vcnt80000gn/T/fm-control-relaunch.yyDIeM/trace-off-7850/home/state/rl33.git-hooks/applypatch-msg: Permission denied
rm: /private/var/folders/w8/cxsknptj3dx0k7s2501vcnt80000gn/T/fm-control-relaunch.yyDIeM/trace-off-7850/home/state/rl33.git-hooks/prepare-commit-msg: Permission denied
rm: /private/var/folders/w8/cxsknptj3dx0k7s2501vcnt80000gn/T/fm-control-relaunch.yyDIeM/trace-off-7850/home/state/rl33.git-hooks/post-checkout: Permission denied
rm: /private/var/folders/w8/cxsknptj3dx0k7s2501vcnt80000gn/T/fm-control-relaunch.yyDIeM/trace-off-7850/home/state/rl33.git-hooks/post-applypatch: Permission denied
rm: /private/var/folders/w8/cxsknptj3dx0k7s2501vcnt80000gn/T/fm-control-relaunch.yyDIeM/trace-off-7850/home/state/rl33.git-hooks/post-rewrite: Permission denied
rm: /private/var/folders/w8/cxsknptj3dx0k7s2501vcnt80000gn/T/fm-control-relaunch.yyDIeM/trace-off-7850/home/state/rl33.git-hooks/commit-msg: Permission denied
rm: /private/var/folders/w8/cxsknptj3dx0k7s2501vcnt80000gn/T/fm-control-relaunch.yyDIeM/trace-off-7850/home/state/rl33.git-hooks/pre-push: Permission denied
rm: /private/var/folders/w8/cxsknptj3dx0k7s2501vcnt80000gn/T/fm-control-relaunch.yyDIeM/trace-off-7850/home/state/rl33.git-hooks/post-merge: Permission denied
rm: /private/var/folders/w8/cxsknptj3dx0k7s2501vcnt80000gn/T/fm-control-relaunch.yyDIeM/trace-off-7850/home/state/rl33.git-hooks/pre-commit: Permission denied
rm: /private/var/folders/w8/cxsknptj3dx0k7s2501vcnt80000gn/T/fm-control-relaunch.yyDIeM/trace-off-7850/home/state/rl33.git-hooks: Directory not empty
rm: /private/var/folders/w8/cxsknptj3dx0k7s2501vcnt80000gn/T/fm-control-relaunch.yyDIeM/trace-off-7850/home/state: Directory not empty
rm: /private/var/folders/w8/cxsknptj3dx0k7s2501vcnt80000gn/T/fm-control-relaunch.yyDIeM/trace-off-7850/home: Directory not empty
rm: /private/var/folders/w8/cxsknptj3dx0k7s2501vcnt80000gn/T/fm-control-relaunch.yyDIeM/trace-off-7850: Directory not empty
rm: /private/var/folders/w8/cxsknptj3dx0k7s2501vcnt80000gn/T/fm-control-relaunch.yyDIeM/keepprofile-14053/home/state/rl6.git-hooks/pre-rebase: Permission denied
rm: /private/var/folders/w8/cxsknptj3dx0k7s2501vcnt80000gn/T/fm-control-relaunch.yyDIeM/keepprofile-14053/home/state/rl6.git-hooks/pre-applypatch: Permission denied
rm: /private/var/folders/w8/cxsknptj3dx0k7s2501vcnt80000gn/T/fm-control-relaunch.yyDIeM/keepprofile-14053/home/state/rl6.git-hooks/pre-auto-gc: Permission denied
rm: /private/var/folders/w8/cxsknptj3dx0k7s2501vcnt80000gn/T/fm-control-relaunch.yyDIeM/keepprofile-14053/home/state/rl6.git-hooks/pre-merge-commit: Permission denied
rm: /private/var/folders/w8/cxsknptj3dx0k7s2501vcnt80000gn/T/fm-control-relaunch.yyDIeM/keepprofile-14053/home/state/rl6.git-hooks/post-commit: Permission denied
rm: /private/var/folders/w8/cxsknptj3dx0k7s2501vcnt80000gn/T/fm-control-relaunch.yyDIeM/keepprofile-14053/home/state/rl6.git-hooks/sendemail-validate: Permission denied
rm: /private/var/folders/w8/cxsknptj3dx0k7s2501vcnt80000gn/T/fm-control-relaunch.yyDIeM/keepprofile-14053/home/state/rl6.git-hooks/applypatch-msg: Permission denied
rm: /private/var/folders/w8/cxsknptj3dx0k7s2501vcnt80000gn/T/fm-control-relaunch.yyDIeM/keepprofile-14053/home/state/rl6.git-hooks/prepare-commit-msg: Permission denied
rm: /private/var/folders/w8/cxsknptj3dx0k7s2501vcnt80000gn/T/fm-control-relaunch.yyDIeM/keepprofile-14053/home/state/rl6.git-hooks/post-checkout: Permission denied
rm: /private/var/folders/w8/cxsknptj3dx0k7s2501vcnt80000gn/T/fm-control-relaunch.yyDIeM/keepprofile-14053/home/state/rl6.git-hooks/post-applypatch: Permission denied
rm: /private/var/folders/w8/cxsknptj3dx0k7s2501vcnt80000gn/T/fm-control-relaunch.yyDIeM/keepprofile-14053/home/state/rl6.git-hooks/post-rewrite: Permission denied
rm: /private/var/folders/w8/cxsknptj3dx0k7s2501vcnt80000gn/T/fm-control-relaunch.yyDIeM/keepprofile-14053/home/state/rl6.git-hooks/commit-msg: Permission denied
rm: /private/var/folders/w8/cxsknptj3dx0k7s2501vcnt80000gn/T/fm-control-relaunch.yyDIeM/keepprofile-14053/home/state/rl6.git-hooks/pre-push: Permission denied
rm: /private/var/folders/w8/cxsknptj3dx0k7s2501vcnt80000gn/T/fm-control-relaunch.yyDIeM/keepprofile-14053/home/state/rl6.git-hooks/post-merge: Permission denied
rm: /private/var/folders/w8/cxsknptj3dx0k7s2501vcnt80000gn/T/fm-control-relaunch.yyDIeM/keepprofile-14053/home/state/rl6.git-hooks/pre-commit: Permission denied
rm: /private/var/folders/w8/cxsknptj3dx0k7s2501vcnt80000gn/T/fm-control-relaunch.yyDIeM/keepprofile-14053/home/state/rl6.git-hooks: Directory not empty
rm: /private/var/folders/w8/cxsknptj3dx0k7s2501vcnt80000gn/T/fm-control-relaunch.yyDIeM/keepprofile-14053/home/state: Directory not empty
rm: /private/var/folders/w8/cxsknptj3dx0k7s2501vcnt80000gn/T/fm-control-relaunch.yyDIeM/keepprofile-14053/home: Directory not empty
rm: /private/var/folders/w8/cxsknptj3dx0k7s2501vcnt80000gn/T/fm-control-relaunch.yyDIeM/keepprofile-14053: Directory not empty
rm: /private/var/folders/w8/cxsknptj3dx0k7s2501vcnt80000gn/T/fm-control-relaunch.yyDIeM/switch-11725/home/state/rl4.git-hooks/pre-rebase: Permission denied
rm: /private/var/folders/w8/cxsknptj3dx0k7s2501vcnt80000gn/T/fm-control-relaunch.yyDIeM/switch-11725/home/state/rl4.git-hooks/pre-applypatch: Permission denied
rm: /private/var/folders/w8/cxsknptj3dx0k7s2501vcnt80000gn/T/fm-control-relaunch.yyDIeM/switch-11725/home/state/rl4.git-hooks/pre-auto-gc: Permission denied
rm: /private/var/folders/w8/cxsknptj3dx0k7s2501vcnt80000gn/T/fm-control-relaunch.yyDIeM/switch-11725/home/state/rl4.git-hooks/pre-merge-commit: Permission denied
rm: /private/var/folders/w8/cxsknptj3dx0k7s2501vcnt80000gn/T/fm-control-relaunch.yyDIeM/switch-11725/home/state/rl4.git-hooks/post-commit: Permission denied
rm: /private/var/folders/w8/cxsknptj3dx0k7s2501vcnt80000gn/T/fm-control-relaunch.yyDIeM/switch-11725/home/state/rl4.git-hooks/sendemail-validate: Permission denied
rm: /private/var/folders/w8/cxsknptj3dx0k7s2501vcnt80000gn/T/fm-control-relaunch.yyDIeM/switch-11725/home/state/rl4.git-hooks/applypatch-msg: Permission denied
rm: /private/var/folders/w8/cxsknptj3dx0k7s2501vcnt80000gn/T/fm-control-relaunch.yyDIeM/switch-11725/home/state/rl4.git-hooks/prepare-commit-msg: Permission denied
rm: /private/var/folders/w8/cxsknptj3dx0k7s2501vcnt80000gn/T/fm-control-relaunch.yyDIeM/switch-11725/home/state/rl4.git-hooks/post-checkout: Permission denied
rm: /private/var/folders/w8/cxsknptj3dx0k7s2501vcnt80000gn/T/fm-control-relaunch.yyDIeM/switch-11725/home/state/rl4.git-hooks/post-applypatch: Permission denied
rm: /private/var/folders/w8/cxsknptj3dx0k7s2501vcnt80000gn/T/fm-control-relaunch.yyDIeM/switch-11725/home/state/rl4.git-hooks/post-rewrite: Permission denied
rm: /private/var/folders/w8/cxsknptj3dx0k7s2501vcnt80000gn/T/fm-control-relaunch.yyDIeM/switch-11725/home/state/rl4.git-hooks/commit-msg: Permission denied
rm: /private/var/folders/w8/cxsknptj3dx0k7s2501vcnt80000gn/T/fm-control-relaunch.yyDIeM/switch-11725/home/state/rl4.git-hooks/pre-push: Permission denied
rm: /private/var/folders/w8/cxsknptj3dx0k7s2501vcnt80000gn/T/fm-control-relaunch.yyDIeM/switch-11725/home/state/rl4.git-hooks/post-merge: Permission denied
rm: /private/var/folders/w8/cxsknptj3dx0k7s2501vcnt80000gn/T/fm-control-relaunch.yyDIeM/switch-11725/home/state/rl4.git-hooks/pre-commit: Permission denied
rm: /private/var/folders/w8/cxsknptj3dx0k7s2501vcnt80000gn/T/fm-control-relaunch.yyDIeM/switch-11725/home/state/rl4.git-hooks: Directory not empty
rm: /private/var/folders/w8/cxsknptj3dx0k7s2501vcnt80000gn/T/fm-control-relaunch.yyDIeM/switch-11725/home/state: Directory not empty
rm: /private/var/folders/w8/cxsknptj3dx0k7s2501vcnt80000gn/T/fm-control-relaunch.yyDIeM/switch-11725/home: Directory not empty
rm: /private/var/folders/w8/cxsknptj3dx0k7s2501vcnt80000gn/T/fm-control-relaunch.yyDIeM/switch-11725: Directory not empty
rm: /private/var/folders/w8/cxsknptj3dx0k7s2501vcnt80000gn/T/fm-control-relaunch.yyDIeM/promotebranch-30921/home/state/rl42.git-hooks/pre-rebase: Permission denied
rm: /private/var/folders/w8/cxsknptj3dx0k7s2501vcnt80000gn/T/fm-control-relaunch.yyDIeM/promotebranch-30921/home/state/rl42.git-hooks/pre-applypatch: Permission denied
rm: /private/var/folders/w8/cxsknptj3dx0k7s2501vcnt80000gn/T/fm-control-relaunch.yyDIeM/promotebranch-30921/home/state/rl42.git-hooks/pre-auto-gc: Permission denied
rm: /private/var/folders/w8/cxsknptj3dx0k7s2501vcnt80000gn/T/fm-control-relaunch.yyDIeM/promotebranch-30921/home/state/rl42.git-hooks/pre-merge-commit: Permission denied
rm: /private/var/folders/w8/cxsknptj3dx0k7s2501vcnt80000gn/T/fm-control-relaunch.yyDIeM/promotebranch-30921/home/state/rl42.git-hooks/post-commit: Permission denied
rm: /private/var/folders/w8/cxsknptj3dx0k7s2501vcnt80000gn/T/fm-control-relaunch.yyDIeM/promotebranch-30921/home/state/rl42.git-hooks/sendemail-validate: Permission denied
rm: /private/var/folders/w8/cxsknptj3dx0k7s2501vcnt80000gn/T/fm-control-relaunch.yyDIeM/promotebranch-30921/home/state/rl42.git-hooks/applypatch-msg: Permission denied
rm: /private/var/folders/w8/cxsknptj3dx0k7s2501vcnt80000gn/T/fm-control-relaunch.yyDIeM/promotebranch-30921/home/state/rl42.git-hooks/prepare-commit-msg: Permission denied
rm: /private/var/folders/w8/cxsknptj3dx0k7s2501vcnt80000gn/T/fm-control-relaunch.yyDIeM/promotebranch-30921/home/state/rl42.git-hooks/post-checkout: Permission denied
rm: /private/var/folders/w8/cxsknptj3dx0k7s2501vcnt80000gn/T/fm-control-relaunch.yyDIeM/promotebranch-30921/home/state/rl42.git-hooks/post-applypatch: Permission denied
rm: /private/var/folders/w8/cxsknptj3dx0k7s2501vcnt80000gn/T/fm-control-relaunch.yyDIeM/promotebranch-30921/home/state/rl42.git-hooks/post-rewrite: Permission denied
rm: /private/var/folders/w8/cxsknptj3dx0k7s2501vcnt80000gn/T/fm-control-relaunch.yyDIeM/promotebranch-30921/home/state/rl42.git-hooks/commit-msg: Permission denied
rm: /private/var/folders/w8/cxsknptj3dx0k7s2501vcnt80000gn/T/fm-control-relaunch.yyDIeM/promotebranch-30921/home/state/rl42.git-hooks/pre-push: Permission denied
rm: /private/var/folders/w8/cxsknptj3dx0k7s2501vcnt80000gn/T/fm-control-relaunch.yyDIeM/promotebranch-30921/home/state/rl42.git-hooks/post-merge: Permission denied
rm: /private/var/folders/w8/cxsknptj3dx0k7s2501vcnt80000gn/T/fm-control-relaunch.yyDIeM/promotebranch-30921/home/state/rl42.git-hooks/pre-commit: Permission denied
rm: /private/var/folders/w8/cxsknptj3dx0k7s2501vcnt80000gn/T/fm-control-relaunch.yyDIeM/promotebranch-30921/home/state/rl42.git-hooks: Directory not empty
rm: /private/var/folders/w8/cxsknptj3dx0k7s2501vcnt80000gn/T/fm-control-relaunch.yyDIeM/promotebranch-30921/home/state: Directory not empty
rm: /private/var/folders/w8/cxsknptj3dx0k7s2501vcnt80000gn/T/fm-control-relaunch.yyDIeM/promotebranch-30921/home: Directory not empty
rm: /private/var/folders/w8/cxsknptj3dx0k7s2501vcnt80000gn/T/fm-control-relaunch.yyDIeM/promotebranch-30921: Directory not empty
rm: /private/var/folders/w8/cxsknptj3dx0k7s2501vcnt80000gn/T/fm-control-relaunch.yyDIeM/prepublishcleanup-1518/home/state/rl28.git-hooks/pre-rebase: Permission denied
rm: /private/var/folders/w8/cxsknptj3dx0k7s2501vcnt80000gn/T/fm-control-relaunch.yyDIeM/prepublishcleanup-1518/home/state/rl28.git-hooks/pre-applypatch: Permission denied
rm: /private/var/folders/w8/cxsknptj3dx0k7s2501vcnt80000gn/T/fm-control-relaunch.yyDIeM/prepublishcleanup-1518/home/state/rl28.git-hooks/pre-auto-gc: Permission denied
rm: /private/var/folders/w8/cxsknptj3dx0k7s2501vcnt80000gn/T/fm-control-relaunch.yyDIeM/prepublishcleanup-1518/home/state/rl28.git-hooks/pre-merge-commit: Permission denied
rm: /private/var/folders/w8/cxsknptj3dx0k7s2501vcnt80000gn/T/fm-control-relaunch.yyDIeM/prepublishcleanup-1518/home/state/rl28.git-hooks/post-commit: Permission denied
rm: /private/var/folders/w8/cxsknptj3dx0k7s2501vcnt80000gn/T/fm-control-relaunch.yyDIeM/prepublishcleanup-1518/home/state/rl28.git-hooks/sendemail-validate: Permission denied
rm: /private/var/folders/w8/cxsknptj3dx0k7s2501vcnt80000gn/T/fm-control-relaunch.yyDIeM/prepublishcleanup-1518/home/state/rl28.git-hooks/applypatch-msg: Permission denied
rm: /private/var/folders/w8/cxsknptj3dx0k7s2501vcnt80000gn/T/fm-control-relaunch.yyDIeM/prepublishcleanup-1518/home/state/rl28.git-hooks/prepare-commit-msg: Permission denied
rm: /private/var/folders/w8/cxsknptj3dx0k7s2501vcnt80000gn/T/fm-control-relaunch.yyDIeM/prepublishcleanup-1518/home/state/rl28.git-hooks/post-checkout: Permission denied
rm: /private/var/folders/w8/cxsknptj3dx0k7s2501vcnt80000gn/T/fm-control-relaunch.yyDIeM/prepublishcleanup-1518/home/state/rl28.git-hooks/post-applypatch: Permission denied
rm: /private/var/folders/w8/cxsknptj3dx0k7s2501vcnt80000gn/T/fm-control-relaunch.yyDIeM/prepublishcleanup-1518/home/state/rl28.git-hooks/post-rewrite: Permission denied
rm: /private/var/folders/w8/cxsknptj3dx0k7s2501vcnt80000gn/T/fm-control-relaunch.yyDIeM/prepublishcleanup-1518/home/state/rl28.git-hooks/commit-msg: Permission denied
rm: /private/var/folders/w8/cxsknptj3dx0k7s2501vcnt80000gn/T/fm-control-relaunch.yyDIeM/prepublishcleanup-1518/home/state/rl28.git-hooks/pre-push: Permission denied
rm: /private/var/folders/w8/cxsknptj3dx0k7s2501vcnt80000gn/T/fm-control-relaunch.yyDIeM/prepublishcleanup-1518/home/state/rl28.git-hooks/post-merge: Permission denied
rm: /private/var/folders/w8/cxsknptj3dx0k7s2501vcnt80000gn/T/fm-control-relaunch.yyDIeM/prepublishcleanup-1518/home/state/rl28.git-hooks/pre-commit: Permission denied
rm: /private/var/folders/w8/cxsknptj3dx0k7s2501vcnt80000gn/T/fm-control-relaunch.yyDIeM/prepublishcleanup-1518/home/state/rl28.git-hooks: Directory not empty
rm: /private/var/folders/w8/cxsknptj3dx0k7s2501vcnt80000gn/T/fm-control-relaunch.yyDIeM/prepublishcleanup-1518/home/state: Directory not empty
rm: /private/var/folders/w8/cxsknptj3dx0k7s2501vcnt80000gn/T/fm-control-relaunch.yyDIeM/prepublishcleanup-1518/home: Directory not empty
rm: /private/var/folders/w8/cxsknptj3dx0k7s2501vcnt80000gn/T/fm-control-relaunch.yyDIeM/prepublishcleanup-1518: Directory not empty
rm: /private/var/folders/w8/cxsknptj3dx0k7s2501vcnt80000gn/T/fm-control-relaunch.yyDIeM: Directory not empty
